Date,Player,MatchId,Map,Category,Playlist,Input,Queue,Csr,Mmr,Outcome,Accuracy,DamageDone,DamageTaken,ShotsFired,ShotsLanded,ShotsMissed,KD,KDA,Kills,Deaths,Assists,Betrayals,Suicides,ExpectedKills,ExpectedDeaths,Score,Perfects,Medals,LengthSeconds
"2021-11-15 20:24:32",eArL694412,67aa45e5-2077-49bc-889e-41636f6c35f7,Behemoth,CTF,"Quick Play",CrossPlay,Open,0,,Win,38.88,2240,2662,427,166,261,0.67,-2.00,6,9,3,0,0,9,7,825,0,1,547
"2021-11-15 20:35:37",eArL694412,aa85f32d-40da-4f79-9e99-ef10cd080360,Streets,Slayer,"Quick Play",CrossPlay,Open,0,,Loss,40.13,4084,3638,598,240,358,1.00,2.33,11,11,7,0,0,9,11,1450,0,5,530
"2021-11-15 22:43:16",eArL694412,252f7cb9-5348-4824-9e47-5e7388a73aa9,Aquarius,CTF,"Quick Play",CrossPlay,Open,0,,Loss,54.62,2821,2466,368,201,167,0.78,-1.66,7,9,1,0,0,6,6,825,0,4,369
"2021-11-16 00:27:42",eArL694412,760515ae-cf7f-4421-8187-d78405d71bee,Recharge,Slayer,"Quick Play",CrossPlay,Open,0,,Win,40.37,3816,2608,592,239,353,2.67,13.00,16,6,9,0,0,8,7,2050,0,6,455
"2021-11-16 00:36:30",eArL694412,e31e839f-2bf8-4777-b008-e2d8d0888281,Recharge,Strongholds,"Quick Play",CrossPlay,Open,0,,Loss,37.01,3449,2512,562,208,354,1.00,2.00,9,9,6,0,0,8,9,1750,0,2,463
"2021-11-16 00:45:06",eArL694412,e696cb21-15d5-400b-863e-05cb1e333a85,Behemoth,CTF,"Quick Play",CrossPlay,Open,0,,Loss,47.02,2103,2987,336,158,178,0.25,-8.00,3,12,3,0,0,6,8,450,0,0,376
"2021-11-16 00:52:51",eArL694412,c2b42c39-e1d1-4ab1-89ca-7b1a4069884d,"Live Fire",Slayer,"Quick Play",CrossPlay,Open,0,,Loss,43.39,4091,3292,756,328,428,1.08,3.00,13,12,6,0,1,10,10,1500,0,5,525
"2021-11-16 00:57:34",eArL694412,d1000590-f1e3-41dd-956c-8a44f5748ae4,Bazaar,CTF,"Quick Play",CrossPlay,Open,0,,Loss,41.33,1092,766,196,81,115,1.00,0.33,3,3,1,0,0,3,4,375,0,0,530
"2021-11-16 01:07:25",eArL694412,c6714ff6-2aa7-4bfb-94a3-3be7ac1302b4,"Live Fire",Oddball,"Quick Play",CrossPlay,Open,0,,Win,55.15,3669,2188,466,257,209,2.00,9.33,14,7,7,0,0,8,8,1835,0,4,440
"2021-11-16 01:14:36",eArL694412,3e5d7000-9caf-4d6a-b306-d9fe13a98c13,"Live Fire",Oddball,"Quick Play",CrossPlay,Open,0,,Loss,48.41,7361,5116,1039,503,536,1.38,10.33,22,16,13,0,0,17,11,3155,0,6,897
"2021-11-16 01:32:32",eArL694412,0321295c-5b31-414b-ab65-32effa3c49d9,Behemoth,CTF,"Quick Play",CrossPlay,Open,0,,Win,43.28,3396,1830,573,248,325,2.60,8.33,13,5,1,0,0,8,6,1425,0,3,467
"2021-11-16 01:41:43",eArL694412,0fc5d74b-0efa-4a23-aad9-4e452b67c820,Recharge,Strongholds,"Quick Play",CrossPlay,Open,0,,Loss,47.55,3408,2153,429,204,225,0.86,1.00,6,7,6,0,0,7,7,1100,0,1,386
"2021-11-16 01:49:53",eArL694412,0aec743c-f8fa-4f6c-8900-97470bc7b52c,Recharge,Oddball,"Quick Play",CrossPlay,Open,0,,Loss,47.75,4895,3586,777,371,406,1.55,7.66,17,11,5,0,0,11,12,2035,0,6,613
"2021-11-16 02:01:40",eArL694412,3a9b125b-cd65-412c-b8f2-944e61eebdee,Bazaar,Slayer,"Ranked Arena",Controller,Solo/Duo,0,,Loss,53.43,4904,4522,670,358,312,0.60,-2.66,9,15,10,0,0,12,13,1400,0,4,649
"2021-11-16 02:15:46",eArL694412,919ef636-789c-4326-b87e-01429fed54a1,Behemoth,"CTF 5 Captures","Ranked Arena",Controller,Solo/Duo,0,,Loss,50.54,5352,3889,653,330,323,1.82,11.33,20,11,7,0,0,11,13,2840,0,11,752
"2021-11-16 03:14:53",eArL694412,b3b127ce-9169-4f3f-ac81-64acc5bc66bf,Streets,Slayer,"Ranked Arena",Controller,Solo/Duo,0,,Win,53.13,4022,3559,495,263,232,1.50,6.66,15,10,5,0,0,9,10,1750,0,2,495
"2021-11-16 03:25:28",eArL694412,df59a24f-e860-480a-a53d-72fbbbf40616,"Live Fire",Oddball,"Ranked Arena",Controller,Solo/Duo,0,,Win,60.73,3033,2068,331,201,130,1.83,7.66,11,6,8,0,0,7,6,1500,0,3,362
"2021-11-16 04:11:57",eArL694412,83586970-1567-4c14-942b-d7504ba08919,Bazaar,CTF,"Quick Play",CrossPlay,Open,0,,Loss,46.4,3152,2173,541,251,290,1.00,1.66,6,6,5,0,0,6,7,850,0,0,381
"2021-11-16 04:20:45",eArL694412,89807ef5-031b-4582-a036-8b4ab0e416e7,"Live Fire",Strongholds,"Ranked Arena",CrossPlay,Open,0,,Win,52.81,2040,1243,231,122,109,3.33,7.33,10,3,1,0,0,6,4,1250,0,3,293
"2021-11-16 04:44:21",eArL694412,e6bdc1b7-d4c0-4fa5-8143-4df8ae216019,Recharge,Oddball,"Ranked Arena",Controller,Solo/Duo,0,,Loss,54.6,5005,5697,533,291,242,0.55,-4.66,11,20,13,0,0,14,17,1935,0,5,764
"2021-11-16 04:58:28",eArL694412,4eb56f95-f6f9-49e2-8399-41b6d727df58,Recharge,Strongholds,"Ranked Arena",Controller,Solo/Duo,0,,Win,51.41,6769,4709,708,364,344,1.53,11.66,23,15,11,0,0,15,16,3675,0,7,800
"2021-11-16 05:13:13",eArL694412,14debd07-35be-43ff-a634-458583353d48,Behemoth,"CTF 5 Captures","Ranked Arena",Controller,Solo/Duo,0,,Win,54.32,8074,6778,972,528,444,1.00,2.66,23,23,8,0,0,18,19,2775,0,11,1064
"2021-11-16 05:32:16",eArL694412,26477391-cca1-44e5-b447-8a1759ac6734,Recharge,Strongholds,"Ranked Arena",Controller,Solo/Duo,0,,Win,55.33,1693,1904,197,109,88,0.57,-2.00,4,7,3,0,0,9,7,875,0,1,427
"2021-11-16 05:40:54",eArL694412,cb3580a2-b603-49ca-baa9-c4833dec5f41,Aquarius,"CTF 5 Captures","Ranked Arena",Controller,Solo/Duo,0,,Loss,56.09,4390,3941,419,235,184,0.93,1.00,13,14,6,0,0,9,12,1700,0,4,582
"2021-11-16 05:51:49",eArL694412,f0311f35-3b8d-41c1-868b-7e637a24e5f8,"Live Fire",Strongholds,"Ranked Arena",Controller,Solo/Duo,0,,Loss,58.11,5095,4749,518,301,217,0.87,-0.33,13,15,5,0,0,16,17,2400,0,3,820
"2021-11-16 06:09:03",eArL694412,b63dd3b8-1571-4ffc-9a0a-a3a095e8dbe9,Aquarius,"CTF 5 Captures","Ranked Arena",Controller,Solo/Duo,861,,Loss,60.26,1387,1790,156,94,62,0.25,-6.00,2,8,0,0,0,4,6,225,0,2,261
"2021-11-16 06:14:54",eArL694412,091fa974-3b95-46a1-b4fa-37fc10a5be51,Streets,Oddball,"Ranked Arena",Controller,Solo/Duo,861,,Loss,53.25,4383,4189,462,246,216,0.56,-3.33,9,16,11,0,0,11,14,1535,0,3,602
"2021-11-16 16:05:36",eArL694412,cf8d7216-ecdc-4a0c-a47f-82245d8b8531,"Live Fire",Oddball,"Quick Play",CrossPlay,Open,0,,Win,38.99,4622,4739,854,333,521,1.00,2.33,13,13,7,0,0,15,17,1700,0,3,785
"2021-11-16 16:20:27",eArL694412,d11d92a8-997d-496a-84c3-1689c93ed74f,"Live Fire",Strongholds,"Quick Play",CrossPlay,Open,0,,Win,42.07,3264,2689,561,236,325,1.71,8.00,12,7,9,0,0,12,10,2250,0,7,576
"2021-11-16 16:33:50",eArL694412,0fc7fe1b-2cc3-42dc-8d87-8e38e3a5db40,Aquarius,"CTF 5 Captures","Ranked Arena",Controller,Solo/Duo,861,,Loss,53.53,3296,2354,340,182,158,1.13,3.00,9,8,6,0,0,9,10,1660,0,4,507
"2021-11-16 19:41:48",eArL694412,f9cda3d9-8d9a-4d25-b750-94b4d9a3646f,Streets,Slayer,"Quick Play",CrossPlay,Open,0,,Win,41.07,3808,3459,582,239,343,1.00,2.00,9,9,6,0,0,10,9,1200,0,3,480
"2021-11-16 19:51:35",eArL694412,c23801c4-e84d-428b-a51c-1cc52fb3a1a0,Bazaar,Slayer,"Ranked Arena",Controller,Solo/Duo,861,,Loss,42.31,4152,4134,579,245,334,0.93,1.33,13,14,7,0,0,13,14,1650,0,2,658
"2021-11-16 20:04:01",eArL694412,9b5a41ca-d016-4c61-b23f-6d181895503b,Streets,Slayer,"Ranked Arena",Controller,Solo/Duo,861,,Win,55.95,3619,3316,395,221,174,0.83,-0.66,10,12,4,0,0,11,11,1200,0,2,527
"2021-11-17 02:41:08",eArL694412,64aa26db-0b0d-4706-a47d-79c3a71f1a2f,"Launch Site","One Flag CTF","Quick Play",CrossPlay,Open,0,,Draw,43.04,4443,3184,546,235,311,2.00,9.66,16,8,5,0,0,15,12,2025,0,5,784
"2021-11-17 02:56:15",eArL694412,47d2ff4d-6cbb-4e42-b71e-2bdc820473c8,Recharge,Oddball,"Quick Play",CrossPlay,Open,0,,Win,51.86,3965,2737,484,251,233,1.50,6.33,12,8,7,0,1,13,9,2195,0,2,579
"2021-11-17 03:07:59",eArL694412,f17c693a-3a28-4072-81f4-8faf71554fe0,Aquarius,Slayer,"Quick Play",CrossPlay,Open,0,,Win,39.09,3813,2622,770,301,469,1.50,7.00,9,6,12,0,0,12,8,1500,0,2,508
"2021-11-17 03:18:48",eArL694412,31718222-6dad-4704-b28b-d2c6660617ee,Recharge,Strongholds,"Quick Play",CrossPlay,Open,0,,Win,39.48,3856,2737,618,244,374,1.57,6.00,11,7,6,0,0,13,10,2050,0,1,574
"2021-11-17 03:29:03",eArL694412,6448f946-f9c8-40e4-b22c-d20be7d94805,Recharge,Oddball,"Quick Play",CrossPlay,Open,0,,Loss,42.9,3668,4404,606,260,346,0.40,-7.00,6,15,6,0,1,12,11,825,0,4,610
"2021-11-17 06:00:00",eArL694412,00ad8177-b5c7-4e18-bb4a-7efea00e6876,Aquarius,CTF,"Quick Play",CrossPlay,Open,0,,Win,39.76,3986,2895,674,268,406,2.13,11.33,17,8,7,0,0,12,9,2655,0,4,605
"2021-11-17 06:11:41",eArL694412,a8e67902-4c85-4519-89bb-634ce36dec87,"Launch Site",Slayer,"Quick Play",CrossPlay,Open,0,,Loss,35.12,4143,4015,877,308,569,0.85,-0.33,11,13,5,0,0,14,12,1350,0,2,650
"2021-11-17 06:25:31",eArL694412,052d4040-ba5e-4bf5-a447-020082bf6726,Streets,Slayer,"Quick Play",CrossPlay,Open,0,,Win,41.57,5433,3452,801,333,468,1.89,10.00,17,9,6,0,0,11,9,2000,0,4,497
"2021-11-17 06:35:24",eArL694412,d4967dbb-9782-41e8-83bd-b0f3c9b7f4d0,"Live Fire",Strongholds,"Quick Play",CrossPlay,Open,0,,Loss,42.11,5081,4044,722,304,418,1.91,12.33,21,11,7,0,0,14,12,2875,0,3,646
"2021-11-17 06:47:21",eArL694412,1781af46-6d2b-489a-acb5-bce965e2bf53,Aquarius,Slayer,"Quick Play",CrossPlay,Open,0,,Win,45.19,5009,4035,686,310,376,1.58,9.33,19,12,7,0,0,12,10,2250,0,6,528
"2021-11-18 04:02:00",eArL694412,b8fe2aa9-d89f-435b-9f6c-db4f517c2253,Aquarius,Slayer,"Quick Play",CrossPlay,Open,0,,Win,34.85,3567,3779,680,237,443,1.00,2.33,12,12,7,0,0,13,12,1550,0,4,583
"2021-11-18 04:15:06",eArL694412,ffac4424-2a8e-4d37-aadd-f6caa700979f,"Live Fire",Oddball,"Quick Play",CrossPlay,Open,0,,Loss,44.58,5916,5866,720,321,399,1.00,3.66,19,19,11,0,0,16,18,2855,0,8,788
"2021-11-18 04:33:12",eArL694412,740fa929-c4c2-43bb-abe1-735fa5a4b6dd,Streets,Oddball,"Quick Play",CrossPlay,Open,0,,Left,37.11,1669,1550,318,118,200,0.67,-0.33,4,6,5,0,0,6,7,810,0,0,302
"2021-11-18 05:36:07",eArL694412,eab9b51e-d5c2-49a3-918a-c376e224a9d7,Streets,Slayer,"Quick Play",CrossPlay,Open,0,,Left,0,0,0,0,0,0,0.00,0.00,0,0,0,0,0,1,1,0,0,0,415
"2021-11-19 03:33:25",eArL694412,b9d8f392-da54-42af-add3-535aa9e1cc7e,Bazaar,CTF,"Quick Play",CrossPlay,Open,0,,Loss,45.39,5281,5608,802,364,438,0.94,0.66,15,16,5,0,0,12,17,1910,0,7,730
"2021-11-19 03:47:27",eArL694412,9f11259a-d5ab-449a-8b1c-cd8c75c5a425,Streets,Oddball,"Quick Play",CrossPlay,Open,0,,Loss,50.19,4685,3267,522,262,260,1.42,6.33,17,12,4,0,0,9,9,2145,0,9,439
"2021-11-19 03:56:12",eArL694412,d6a899da-685f-4433-812a-24f3f8400433,Aquarius,Slayer,"Quick Play",CrossPlay,Open,0,,Win,37.66,3527,3636,693,261,432,0.69,-1.33,9,13,8,0,0,13,11,1300,0,4,557
"2021-11-19 04:07:16",eArL694412,3becd248-4090-49ab-9964-ea4bd16ed88a,Streets,Oddball,"Quick Play",CrossPlay,Open,0,,Win,36.48,3885,3223,636,232,404,1.22,5.00,11,9,9,0,0,12,13,1585,0,2,571
"2021-11-19 04:22:10",eArL694412,23001cb9-6ff4-4545-ac19-7463a3cbdfe3,Streets,Slayer,"Quick Play",CrossPlay,Open,0,,Win,39.46,2872,2578,479,189,290,1.13,2.66,9,8,5,0,0,10,10,1150,0,1,470
"2021-11-19 04:32:33",eArL694412,48c821c5-943c-499f-8b64-11dac54d6703,"Live Fire",Oddball,"Quick Play",CrossPlay,Open,0,,Loss,45.47,4492,4024,618,281,337,1.42,9.00,17,12,12,0,1,13,12,2580,0,8,585
"2021-11-19 04:45:37",eArL694412,5c9cf7ce-9606-43b6-acda-51795c3de1cc,"Live Fire",Strongholds,"Quick Play",CrossPlay,Open,0,,Win,46.95,4286,3581,622,292,330,1.00,1.00,12,12,3,0,0,12,11,1875,0,2,536
"2021-11-19 04:57:33",eArL694412,113e30bb-a50c-461b-b32c-2f8f3cf56326,Bazaar,Slayer,"Quick Play",CrossPlay,Open,0,,Win,39.21,1329,637,278,109,169,6.00,5.66,6,1,2,0,0,5,3,700,0,3,210
"2021-11-19 05:03:27",eArL694412,78a7bd04-094f-4cb4-8864-4b7abf7f79b2,Streets,Slayer,"Ranked Arena",CrossPlay,Open,0,,Loss,50.15,2749,2845,327,164,163,0.82,-1.00,9,11,3,0,0,7,9,1050,0,3,370
"2021-11-19 05:13:03",eArL694412,36ef3fd5-f574-4d9b-bfb0-b591f4e72ec3,Bazaar,CTF,"Quick Play",CrossPlay,Open,0,,Win,41.75,4249,3488,618,258,360,0.85,0.33,11,13,7,0,0,11,9,1710,0,1,557
"2021-11-19 05:24:27",eArL694412,84aa72e6-d701-457d-88f7-0dd12f6e1912,Aquarius,Slayer,"Quick Play",CrossPlay,Open,0,,Loss,54.25,3459,2813,459,249,210,1.00,1.00,11,11,3,0,0,9,9,1250,0,3,416
"2021-11-19 05:33:08",eArL694412,b4131e4c-ded7-473e-826e-18d878876992,Aquarius,CTF,"Quick Play",CrossPlay,Open,0,,Loss,42.68,1720,1498,164,70,94,0.75,-1.00,3,4,0,0,0,4,4,300,0,1,191
"2021-11-19 05:37:45",eArL694412,180f6fea-e4ca-41f0-8186-c429ef30b7fe,Bazaar,Slayer,"Quick Play",CrossPlay,Open,0,,Loss,44.92,4843,3983,857,385,472,1.36,7.00,15,11,9,0,0,14,12,1950,0,6,585
"2021-11-20 03:35:22",eArL694412,e75c0be0-545f-49f5-9a68-60a1757fb9a2,Streets,Strongholds,"Quick Play",CrossPlay,Open,0,,Loss,48.89,3764,3462,542,265,277,1.11,3.66,10,9,8,0,0,9,10,1550,0,4,428
"2021-11-20 03:43:53",eArL694412,42e277a1-b26c-4653-8e8c-2c61b852b410,"Live Fire",Oddball,"Ranked Arena",Controller,Solo/Duo,876,,Loss,53.37,6884,5400,682,364,318,0.94,1.66,17,18,8,0,0,16,17,2270,0,2,772
"2021-11-20 03:58:37",eArL694412,4ba97f03-4f2b-4948-b70a-956b6411f6a9,"Live Fire",Strongholds,"Ranked Arena",Controller,Solo/Duo,876,,Win,50.25,2209,1876,197,99,98,1.80,4.66,9,5,2,0,0,8,6,1175,0,2,372
"2021-11-20 04:08:17",eArL694412,12df39bf-5781-47a1-81a5-fbbc9a0751c0,Bazaar,Slayer,"Quick Play",CrossPlay,Open,0,,Loss,34.7,3566,3698,853,296,557,0.91,1.33,10,11,7,0,0,12,12,1350,0,1,545
"2021-11-20 04:19:40",eArL694412,58e426bc-2116-40d1-ac8e-5b8c36978a1b,Streets,Strongholds,"Quick Play",CrossPlay,Open,0,,Win,40.46,4913,4896,833,337,496,1.15,5.00,15,13,9,0,0,16,11,2500,0,4,660
"2021-11-20 04:33:38",eArL694412,2c711d91-36b7-462b-9fad-ffc511b35677,Behemoth,"CTF 5 Captures","Ranked Arena",Controller,Solo/Duo,891,,Loss,42.74,6421,5587,978,418,560,0.79,-1.33,15,19,8,0,0,17,16,2025,0,3,888
"2021-11-20 04:50:11",eArL694412,da80d044-cb57-420a-a4af-1a9ed0e075ba,"Live Fire",Oddball,"Ranked Arena",Controller,Solo/Duo,891,,Loss,58.74,8460,5900,749,440,309,1.67,17.33,30,18,16,0,0,19,20,4215,0,12,889
"2021-11-20 20:03:24",eArL694412,e969928f-4260-41cf-b4ec-bb303309dd59,"Live Fire",Strongholds,"Quick Play",CrossPlay,Open,0,,Loss,37.83,3954,3776,497,188,309,0.67,-2.33,8,12,5,0,0,12,10,1525,0,2,527
"2021-11-20 20:14:48",eArL694412,c448c48d-6ab3-429b-a4ce-c81c4f628729,Bazaar,CTF,"Quick Play",CrossPlay,Open,0,,Win,47.85,3233,2319,441,211,230,0.88,2.00,7,8,9,0,0,10,8,1200,0,4,505
"2021-11-20 20:25:07",eArL694412,063a948f-16ef-4c12-81e1-b43742871056,"Live Fire",Oddball,"Quick Play",CrossPlay,Open,0,,Loss,35.15,2999,2849,421,148,273,0.82,0.66,9,11,8,0,0,11,10,1535,0,2,481
"2021-11-20 20:34:39",eArL694412,eb41509f-6323-4171-b479-c66703de2f0d,Behemoth,"CTF 5 Captures","Ranked Arena",KBM,Solo/Duo,0,,Loss,36.34,3443,4515,721,262,459,0.53,-6.00,8,15,3,0,0,13,15,950,0,3,750
"2021-11-20 21:29:10",eArL694412,df8003c9-0f15-4905-aa58-a7221e304cf6,Bazaar,CTF,"Quick Play",CrossPlay,Open,0,,Win,51.07,5404,2221,656,335,321,3.60,14.66,18,5,5,0,0,9,8,2175,0,7,480
"2021-11-20 21:46:14",eArL694412,b3b119e1-272d-4a18-8170-c5b25589201c,Recharge,Oddball,"Quick Play",CrossPlay,Open,0,,Loss,46.82,6284,4646,707,331,376,1.25,6.00,15,12,9,0,0,14,17,2185,0,7,703
"2021-11-20 21:59:29",eArL694412,20a3fc8f-bf70-4f38-a4fc-fa030c96bd71,"Live Fire",Slayer,"Ranked Arena",Controller,Solo/Duo,891,,Win,58.53,2280,1911,299,175,124,1.83,7.33,11,6,7,0,0,11,8,1450,0,3,479
"2021-11-20 22:09:07",eArL694412,ab478db5-4d3d-473a-ab2d-28c40697e2af,Bazaar,"CTF 5 Captures","Ranked Arena",Controller,Solo/Duo,906,,Loss,52.34,4848,5107,556,291,265,0.47,-5.66,8,17,10,0,0,13,16,1325,0,2,757
"2021-11-20 22:22:59",eArL694412,2ff85860-414c-4c59-8168-4283b064656e,Streets,Strongholds,"Ranked Arena",Controller,Solo/Duo,906,,Loss,60.75,5435,4989,507,308,199,1.36,7.66,19,14,8,0,0,16,17,2775,0,5,796
"2021-11-23 02:41:06",eArL694412,2cda6c10-da91-468e-8a0e-e8405bab3140,Bazaar,Slayer,"Quick Play",CrossPlay,Open,0,,Win,45.45,4886,3154,495,225,270,1.50,6.66,15,10,5,0,0,12,12,1750,0,5,576
"2021-11-23 02:54:31",eArL694412,14e41f88-be47-4784-ba26-773ff98449e6,"Live Fire",Oddball,"Quick Play",CrossPlay,Open,0,,Win,45.51,2345,3228,345,157,188,0.55,-2.33,6,11,8,0,0,10,10,1220,0,0,498
"2021-11-23 03:01:44",eArL694412,98f5787b-1043-42d3-80aa-1d6c7d4e3167,Streets,Oddball,"Quick Play",CrossPlay,Open,0,,Loss,41.26,3871,3458,601,248,353,1.25,7.00,15,12,12,0,0,11,11,2260,0,6,609
"2021-11-23 03:14:34",eArL694412,20ecd7d3-772f-4f19-bab8-201ce4b3d342,Aquarius,Slayer,"Quick Play",CrossPlay,Open,0,,Win,42.5,3640,2836,480,204,276,1.63,6.33,13,8,4,0,0,11,10,1500,0,4,503
"2021-11-23 03:24:38",eArL694412,1616c26c-2052-440a-b143-e216c4f417f1,Recharge,Slayer,"Quick Play",CrossPlay,Open,0,,Loss,39.85,3719,2842,522,208,314,1.00,2.33,10,10,7,0,0,11,12,1350,0,2,524
"2021-11-23 03:35:01",eArL694412,47fe756d-1cbf-4578-8d06-8a16b2221324,Aquarius,"CTF 5 Captures","Ranked Arena",Controller,Solo/Duo,906,,Loss,48.17,3912,3502,492,237,255,1.17,3.00,14,12,3,0,0,9,13,1650,0,8,576
"2021-11-23 03:45:52",eArL694412,0d121a09-9e90-4397-87d3-c8a14f5d4713,Streets,Oddball,"Ranked Arena",Controller,Solo/Duo,906,,Win,54.05,4463,4792,481,260,221,0.94,-0.33,15,16,2,0,0,16,14,1680,0,5,716
"2021-11-23 04:00:27",eArL694412,c0a0ea5b-e9fa-489e-ad04-2117e2ffe3a9,"Live Fire",Oddball,"Ranked Arena",Controller,Solo/Duo,921,,Win,55.81,2431,2021,258,144,114,2.00,7.00,10,5,6,0,0,9,8,1385,0,2,397
"2021-11-23 04:08:39",eArL694412,c18e71be-cca3-404d-b1b3-10712f615013,"Live Fire",Strongholds,"Ranked Arena",Controller,Solo/Duo,936,,Win,52.88,4067,3037,382,202,180,1.30,4.33,13,10,4,0,0,12,10,1900,0,6,567
"2021-11-23 04:19:27",eArL694412,7aab81b0-c8c6-464a-bb04-35b43f6f56f5,Bazaar,Slayer,"Ranked Arena",Controller,Solo/Duo,951,,Loss,51.7,3139,3812,352,182,170,0.80,0.00,8,10,6,0,0,13,13,1100,0,2,624
"2021-11-23 19:01:36",eArL694412,6aba1d43-4a4c-4b48-a489-942d053fa286,"Live Fire",Slayer,"Fracture: Tenrai - Fiesta",CrossPlay,Open,0,,Loss,53.33,3666,3736,210,112,98,0.92,0.33,12,13,4,0,0,8,11,1400,0,4,448
"2021-11-23 19:10:20",eArL694412,63c7e662-4668-4aa4-969a-cfb20a196099,Bazaar,Slayer,"Quick Play",CrossPlay,Open,0,,Win,43.58,4075,3531,576,251,325,1.22,4.33,11,9,7,0,0,12,8,1450,0,5,502
"2021-11-23 19:21:12",eArL694412,c69e514c-2da6-415d-ab60-d8ec0c3c1f6f,"Launch Site",Slayer,"Quick Play",CrossPlay,Open,0,,Win,40.33,3734,3394,605,244,361,0.50,-3.66,6,12,7,0,1,16,13,850,0,0,681
"2021-11-23 19:36:14",eArL694412,a30b2dc1-a401-4904-adb0-e9e836377d49,Recharge,Strongholds,"Quick Play",CrossPlay,Open,0,,Loss,50.26,2796,2259,380,191,189,0.86,0.33,6,7,4,0,0,8,6,1025,0,2,393
"2021-11-23 22:10:01",eArL694412,5174e379-48fb-4022-8f51-4a107159d6bd,"Live Fire",Strongholds,"Quick Play",CrossPlay,Open,0,,Loss,37.96,4869,5261,822,312,510,0.65,-5.66,13,20,4,0,0,13,15,1775,0,5,657
"2021-11-23 22:27:15",eArL694412,70bef852-5ecf-4c0f-81a1-06e26221ff4d,Recharge,Oddball,"Quick Play",CrossPlay,Open,0,,Loss,44.83,7038,4787,968,434,534,1.93,18.33,29,15,13,0,0,16,14,3735,0,12,720
"2021-11-23 22:41:05",eArL694412,94ac70b6-83eb-44bf-a56b-1db7ff213b6a,Aquarius,Slayer,"Quick Play",CrossPlay,Open,0,,Win,38.16,4305,3385,836,319,517,2.29,12.00,16,7,9,0,0,14,8,2050,0,6,547
"2021-11-23 22:52:35",eArL694412,b107a808-65fd-43be-8644-760804415046,Recharge,Strongholds,"Quick Play",CrossPlay,Open,0,,Win,38.19,2917,2448,432,165,267,0.89,1.00,8,9,6,0,0,9,7,1425,0,3,417
"2021-11-23 23:00:42",eArL694412,421156e6-dd60-43b7-83f2-c4a848cef58f,Behemoth,CTF,"Quick Play",CrossPlay,Open,0,,Left,47.83,1408,1336,184,88,96,1.67,2.66,5,3,2,0,0,4,3,625,0,0,200
"2021-11-23 23:18:49",eArL694412,1d6c9892-59a2-42e7-94a8-9a7faa7fc2ff,Aquarius,Slayer,"Quick Play",CrossPlay,Open,0,,Win,50.38,4284,3331,393,198,195,1.56,6.66,14,9,5,0,0,12,11,1650,0,6,520
"2021-11-23 23:28:45",eArL694412,68c30248-df5d-4e9d-abc6-055b6c933a95,Recharge,Strongholds,"Quick Play",CrossPlay,Open,0,,Loss,42.44,2119,1767,271,115,156,1.80,5.66,9,5,5,0,0,6,8,1400,0,1,312
"2021-11-23 23:35:36",eArL694412,6d0d1714-c843-4a32-9332-cb66ed6b8b08,Streets,Strongholds,"Ranked Arena",Controller,Solo/Duo,951,,Win,55.29,6028,4826,633,350,283,1.42,8.00,17,12,9,0,0,17,15,2525,0,4,753
"2021-11-24 01:18:02",eArL694412,adc3ffce-fdc4-4d5f-8056-f44e107705bb,Streets,Strongholds,"Quick Play",CrossPlay,Open,0,,Loss,48.8,2094,3201,250,122,128,0.60,-3.66,6,10,1,0,0,6,8,850,0,0,342
"2021-11-24 01:25:07",eArL694412,8d7dcb69-c7b3-4e0c-96e4-1cab360afc5a,"Live Fire",Strongholds,"Quick Play",CrossPlay,Open,0,,Win,46.08,5106,4892,701,323,378,0.81,0.33,13,16,10,0,0,14,14,2125,0,4,696
"2021-11-24 01:38:02",eArL694412,95846975-22ef-4c5f-909f-b70e9fd5dcd0,Behemoth,CTF,"Quick Play",CrossPlay,Open,0,,Win,43.97,3761,4087,771,339,432,0.85,0.00,11,13,6,0,0,12,12,1450,0,2,612
"2021-11-24 01:50:37",eArL694412,4c69e9a5-9883-4f29-ae9c-073bd49f2fbd,Recharge,Oddball,"Quick Play",CrossPlay,Open,0,,Win,44.26,3788,4250,427,189,238,0.67,-1.00,10,15,12,0,0,13,10,2235,0,3,593
"2021-11-24 02:02:09",eArL694412,ffcbba49-2b98-45db-9224-b0e931937d95,"Live Fire",Slayer,"Quick Play",CrossPlay,Open,0,,Loss,44.18,3120,3094,378,167,211,1.30,4.66,13,10,5,0,0,10,11,1550,0,5,443
"2021-11-24 02:13:52",eArL694412,c4a3a0ca-9261-4204-af3d-fab9681ce50f,Recharge,Strongholds,"Quick Play",CrossPlay,Open,0,,Loss,54.85,3582,3648,299,164,135,0.91,0.33,10,11,4,0,0,9,11,1575,0,4,495
"2021-11-24 02:23:27",eArL694412,6ffb3bb2-efbe-4c87-b037-a015752d0ed4,Recharge,Strongholds,"Ranked Arena",Controller,Solo/Duo,966,,Loss,54.43,4427,5986,531,289,242,0.30,-13.00,7,23,9,0,0,16,17,1550,0,2,750
"2021-11-25 03:08:22",eArL694412,632ca2ac-77de-404f-b31d-f929af22b238,"Live Fire",Strongholds,"Quick Play",CrossPlay,Open,0,,Win,45.91,3466,2735,257,118,139,1.71,6.33,12,7,4,0,0,9,8,1650,0,5,427
"2021-11-25 03:21:38",eArL694412,07e2b2c5-38b8-455e-b84b-5ef8eb1be7ee,Recharge,Oddball,"Ranked Arena",Controller,Solo/Duo,966,,Loss,59.37,4576,3237,443,263,180,1.09,4.66,12,11,11,0,0,11,11,1835,0,7,510
"2021-11-25 03:32:53",eArL694412,1bbaa64c-ec54-4560-891d-582ff8a80fc6,Bazaar,"CTF 5 Captures","Ranked Arena",Controller,Solo/Duo,966,,Win,52.38,2016,1109,210,110,100,9.00,8.33,9,1,1,0,0,10,6,1100,0,3,467
"2021-11-25 03:42:31",eArL694412,0619fda5-d749-4663-9d9a-6d2a87cca823,Bazaar,Slayer,"Ranked Arena",Controller,Solo/Duo,969,,Win,58.53,5339,4118,586,343,243,1.90,12.00,19,10,9,0,0,15,12,2350,0,6,681
"2021-11-25 03:55:51",eArL694412,2488d596-a0b2-4da2-b191-d25da787acaf,Streets,Oddball,"Ranked Arena",Controller,Solo/Duo,984,,Loss,58.41,4491,4108,327,191,136,0.94,0.66,15,16,5,0,0,12,13,2040,0,3,562
"2021-11-25 04:07:40",eArL694412,1eb8df43-6af0-45d5-a3df-ee26d81cf444,"Live Fire",Oddball,"Ranked Arena",Controller,Solo/Duo,984,,Loss,53.32,6121,6299,482,257,225,1.47,11.33,28,19,7,0,0,17,18,3765,0,13,794
"2021-11-25 04:22:18",eArL694412,4093ff21-a7cf-42ed-a65d-28ce6da86e13,"Live Fire",Strongholds,"Ranked Arena",Controller,Solo/Duo,984,,Win,64.9,6421,4212,527,342,185,2.55,20.00,28,11,9,0,0,15,13,4150,0,10,697
"2021-11-25 04:46:41",eArL694412,5b3247a0-87b3-4ede-8600-43b1a29a508d,Recharge,Oddball,"Ranked Arena",Controller,Solo/Duo,999,,Left,60.31,3894,3633,320,193,127,1.20,4.00,12,10,6,0,0,12,11,1755,0,6,614
"2021-11-25 04:58:25",eArL694412,0bdfcce1-13ce-41ec-915c-54ffbfea9ee9,Aquarius,"CTF 5 Captures","Ranked Arena",Controller,Solo/Duo,984,,Win,53.07,4649,4885,473,251,222,0.93,2.33,14,15,10,0,0,15,14,2155,0,7,769
"2021-11-25 05:15:04",eArL694412,7945e1fd-a843-4156-849d-3337ef92a9e4,Recharge,Strongholds,"Ranked Arena",Controller,Solo/Duo,987,,Loss,59.64,6095,7326,560,334,226,0.65,-6.33,17,26,8,0,0,19,20,2900,0,5,867
"2021-11-25 05:31:42",eArL694412,a9d2e62c-d5f1-4fc6-aa6e-0b31280aabae,Bazaar,"CTF 5 Captures","Ranked Arena",Controller,Solo/Duo,987,,Win,54.98,6233,5155,542,298,244,1.27,7.33,19,15,10,0,0,15,14,2550,0,7,759
"2021-11-25 05:46:27",eArL694412,ef8b9600-1518-4202-9c5e-b12ad85eb527,"Live Fire",Oddball,"Ranked Arena",Controller,Solo/Duo,1002,,Loss,55.99,7875,7370,709,397,312,1.45,12.00,32,22,6,0,0,23,20,3935,0,10,985
"2021-11-25 06:06:45",eArL694412,ba04e9ee-591b-48aa-b7cd-d98dfd6ec0fe,Recharge,Slayer,"Ranked Arena",Controller,Solo/Duo,1017,,Loss,54.27,4893,4067,492,267,225,1.23,5.00,16,13,6,0,0,13,13,1900,0,6,596
"2021-11-25 06:18:49",eArL694412,c9e57a7b-10e4-4e06-8dc5-c4e0a8c8876a,Streets,Slayer,"Fracture: Tenrai - Fiesta",CrossPlay,Open,0,,Win,43.56,2829,3083,326,142,184,1.08,1.66,13,12,2,0,0,9,9,1400,0,9,435
"2021-11-25 06:30:13",eArL694412,a5722075-95df-4683-bd9c-ccac8d838583,"Live Fire",Slayer,"Fracture: Tenrai - Fiesta",CrossPlay,Open,0,,Loss,37.99,2916,3267,279,106,173,0.83,-1.33,10,12,2,0,0,9,11,1100,0,3,456
"2021-11-25 06:40:07",eArL694412,02e6a161-14d5-4229-8c68-346afaa16351,"Launch Site",Slayer,"Fracture: Tenrai - Fiesta",CrossPlay,Open,0,,Win,40.12,2184,3786,511,205,306,0.33,-9.00,5,15,3,0,0,16,13,650,0,0,687
"2021-11-26 04:02:46",eArL694412,52ade010-dedb-4f3e-b8bb-ae640738b0e2,Recharge,Slayer,"Quick Play",CrossPlay,Open,0,,Win,51.25,4947,4622,480,246,234,0.86,1.33,12,14,10,0,0,13,12,1700,0,2,570
"2021-11-26 04:13:42",eArL694412,efcb670b-6ec5-4078-9d90-d900d0ded24c,"Live Fire",Strongholds,"Quick Play",CrossPlay,Open,0,,Win,63.22,3911,3204,242,153,89,1.78,8.33,16,9,4,0,0,10,11,2200,0,10,498
"2021-11-26 04:23:31",eArL694412,71e2837f-2eab-4915-8bc3-8ccfcbf7145e,Recharge,Slayer,"Ranked Arena",CrossPlay,Open,0,,Win,49.64,3019,2068,278,138,140,1.67,6.66,10,6,8,0,0,12,8,1400,0,5,494
"2021-11-26 04:33:30",eArL694412,b198e22a-e38e-4993-b5b9-d0639950a152,Bazaar,"CTF 5 Captures","Ranked Arena",CrossPlay,Open,0,,Loss,59.78,4973,4439,450,269,181,1.33,5.33,16,12,4,0,0,14,15,1850,0,4,758
"2021-11-26 04:47:39",eArL694412,acf5ae21-3176-4dfd-a85a-7ce4b8091d0f,Recharge,Strongholds,"Ranked Arena",CrossPlay,Open,0,,Loss,60.69,6096,5982,519,315,204,1.16,3.66,22,19,2,0,0,15,17,2675,0,5,719
"2021-11-28 03:44:12",eArL694412,80fffbc0-0ca5-4096-a573-e48327c8a8fe,"Live Fire",Slayer,"Quick Play",CrossPlay,Open,0,,Win,46.41,4716,3199,334,155,179,2.38,13.00,19,8,6,0,0,13,9,2200,0,12,523
"2021-11-28 03:54:51",eArL694412,5831e74c-a75c-4ef5-ad0c-3da1b856d079,Aquarius,"CTF 5 Captures","Ranked Arena",CrossPlay,Open,0,,Win,61.45,5880,5020,498,306,192,1.20,5.66,18,15,8,0,0,15,15,2300,0,8,793
"2021-11-28 04:13:29",eArL694412,09483f38-1052-4764-a788-077d1f3bcf73,"Live Fire",Slayer,"Ranked Arena",Controller,Solo/Duo,1017,,Loss,46.84,4393,4321,459,215,244,1.00,1.33,14,14,4,0,0,11,13,1600,0,9,523
"2021-11-28 04:23:56",eArL694412,40af3f4e-da90-4d57-bf7c-c7e65da1dda9,Behemoth,"CTF 5 Captures","Ranked Arena",Controller,Solo/Duo,1017,,Loss,41.2,3293,5020,534,220,314,0.62,-3.66,8,13,4,0,1,14,16,925,0,6,753
"2021-11-28 04:38:08",eArL694412,c69a814a-3087-4b79-91ea-cc4a71297ed3,Bazaar,"CTF 5 Captures","Ranked Arena",Controller,Solo/Duo,1017,,Win,57.41,4755,5151,540,310,230,0.94,1.33,15,16,7,0,0,14,14,1975,0,4,758
"2021-11-28 04:53:10",eArL694412,16448972-cab8-45a0-a6e1-bb3df9660f29,"Live Fire",Strongholds,"Ranked Arena",Controller,Solo/Duo,1020,,Win,56.72,2458,3080,238,135,103,0.91,0.00,10,11,3,0,0,11,8,1350,0,2,471
"2021-12-07 03:15:04",eArL694412,ec6bf2b2-3370-4048-9164-47ca943ff1d5,"Launch Site","One Flag CTF","Quick Play",CrossPlay,Open,0,,Win,45.62,2960,1844,217,99,118,1.33,2.00,8,6,0,0,0,9,9,800,0,3,485
"2021-12-08 04:24:46",eArL694412,9d30fdfc-5c4f-4303-8d76-633b51967471,Streets,Strongholds,"Ranked Arena",CrossPlay,Open,0,,Loss,63.08,5468,5327,409,258,151,1.00,2.00,16,16,6,0,0,15,17,2375,0,5,739
"2021-12-08 04:39:37",eArL694412,ddd63604-796e-4937-b25d-b18eb59280bf,Streets,Oddball,"Ranked Arena",Controller,Solo/Duo,1023,,Loss,60.54,5825,5985,517,313,204,0.60,-4.66,12,20,10,0,0,21,21,2020,0,2,947
"2021-12-08 04:57:57",eArL694412,1a89472e-c05b-4057-b84e-60f623281ad6,Behemoth,"CTF 5 Captures","Ranked Arena",Controller,Solo/Duo,1018,,Win,51.04,5286,4902,625,319,306,1.27,8.66,19,15,14,0,0,14,14,2745,0,5,760
"2021-12-08 05:12:28",eArL694412,6a8b2432-b36c-4ca7-b075-6968160f90ee,Recharge,Oddball,"Ranked Arena",Controller,Solo/Duo,1033,,Loss,41.36,2456,3165,220,91,129,0.64,-3.66,7,11,1,0,0,9,11,785,0,3,444
"2021-12-20 05:41:39",eArL694412,3ec22878-76e8-4ba4-9b17-f4d1ffd0e62e,"Live Fire",Slayer,"Team Slayer",CrossPlay,Open,0,,Win,39.84,3024,2977,251,100,151,0.88,0.66,7,8,5,0,0,9,10,950,0,3,413
"2021-12-23 21:47:26",eArL694412,75441404-f18f-44a1-9fff-08e1af1d1f0d,Bazaar,Slayer,"Team Slayer",CrossPlay,Open,0,,Win,40.23,4425,3748,532,214,318,2.00,10.66,18,9,5,0,0,14,11,2050,0,7,590
"2023-10-19 19:37:24",eArL694412,94733b44-e261-43a5-b59f-4b02a5030792,Solitude,"Team Slayer","Team Slayer",CrossPlay,Open,0,,Win,48.44,3848,3875,545,264,281,1.00,3.00,13,13,9,0,0,5,14,1750,0,5,581
"2023-10-19 19:49:41",eArL694412,a758e451-b5fd-41ec-9a0c-055da6e61c41,Solitude,"King of the Hill","Ranked Arena",CrossPlay,Open,0,,Loss,52.31,7146,4957,325,170,155,1.54,9.66,20,13,8,0,0,18,20,2575,0,5,743
"2023-10-19 20:06:10",eArL694412,a235b23d-7a62-4714-9bdf-e5e9d3894233,Solitude,Strongholds,"Ranked Arena",CrossPlay,Open,0,,Win,50.49,7974,5281,309,156,153,1.21,6.00,17,14,9,0,0,20,22,2450,0,8,937
"2023-10-19 20:25:03",eArL694412,36b715c7-c0e6-4546-816b-ae82327eac9e,Recharge,"King of the Hill","Ranked Arena",CrossPlay,Open,0,,Loss,46.36,6889,5906,343,159,184,1.60,12.33,24,15,10,0,0,19,22,3400,0,10,815
"2023-10-19 20:42:40",eArL694412,61a3efab-e4db-4f95-9fdd-d1b5e8d448b6,Streets,Extraction,"Ranked Arena",CrossPlay,Open,0,,Loss,53.61,3854,4960,194,104,90,0.44,-7.00,8,18,9,0,0,14,15,1750,0,6,625
"2023-10-19 20:55:21",eArL694412,03729d58-e0bf-483a-819c-178023351bb3,Argyle,"CTF 3 Captures","Ranked Arena",CrossPlay,Open,0,,Win,41.56,2769,3501,231,96,135,0.58,-3.33,7,12,5,0,0,12,12,1210,0,3,642
"2023-10-20 00:28:05",eArL694412,6954f1b9-eef9-4db1-970d-eb0c7433276a,Solitude,Strongholds,"Ranked Arena",CrossPlay,Open,808,,Loss,48.41,7308,6118,345,167,178,1.11,5.00,20,18,9,0,0,21,20,2950,0,5,895
"2023-10-20 00:46:09",eArL694412,493e5e8e-444b-4ce1-8bf5-430cbbb36082,Argyle,"CTF 3 Captures","Ranked Arena",CrossPlay,Open,799,,Loss,42.86,3665,3489,154,66,88,1.09,3.00,12,11,6,0,0,11,11,1510,0,7,548
"2023-10-20 00:57:46",eArL694412,ba12f3b4-8bf0-4350-8acb-5a491b09cdd9,Solitude,Strongholds,"Ranked Arena",CrossPlay,Open,794,,Loss,58.33,7260,4615,288,168,120,2.17,17.00,26,12,9,0,0,19,17,3800,0,15,771
"2023-10-20 01:12:18",eArL694412,53da7672-b3f8-46aa-a6e3-fc2b13ee9755,Streets,Extraction,"Ranked Arena",CrossPlay,Open,790,,Win,55.42,5830,3917,249,138,111,1.64,10.66,18,11,11,0,0,14,13,3225,0,10,586
"2023-10-20 01:24:14",eArL694412,4fe16a9c-07f4-4b04-a456-39bf50a35fc4,Recharge,Extraction,"Ranked Arena",CrossPlay,Open,805,,Loss,59.29,3163,2908,113,67,46,1.00,2.00,8,8,6,0,0,9,8,1300,0,5,376
"2023-10-20 01:32:21",eArL694412,3cb75f86-4245-4aef-8b3d-fa8a7043a435,"Live Fire",Slayer,"Ranked Arena",CrossPlay,Open,798,,Win,44.58,2127,1997,83,37,46,6.00,6.00,6,1,3,0,0,6,4,750,0,3,322
"2023-10-20 01:40:28",eArL694412,6c3e2f55-4013-4f13-a0e0-5af445e57ac0,Aquarius,Slayer,"Ranked Arena",CrossPlay,Open,803,,Win,47.89,4626,4329,213,102,111,1.20,4.00,12,10,6,0,0,14,12,1500,0,6,597
"2023-10-20 18:57:49",eArL694412,0aaa6d72-63da-4c20-9fb8-609962908b69,Detachment,"Team Snipers","Team Snipers",CrossPlay,Open,0,,Loss,39.68,4430,3409,63,25,38,0.82,-1.00,9,11,3,0,0,9,10,1050,0,11,471
"2023-10-20 19:08:22",eArL694412,34acd428-138d-4f59-b8ec-1e1f5f838295,Aquarius,"FFA Slayer","FFA Slayer",CrossPlay,Open,0,1061.007,Loss,44.44,4151,3523,351,156,195,0.69,-1.66,9,13,7,0,0,10,13,1250,0,1,474
"2023-10-20 19:33:13",eArL694412,5c888041-f576-4911-835a-2975358f9a86,Recharge,Extraction,"Ranked Arena",CrossPlay,Open,818,,Win,58.1,4996,2339,210,122,88,3.75,13.00,15,4,6,0,0,12,8,2725,0,5,414
"2023-10-20 19:43:34",eArL694412,af1af5c3-23be-4818-a4a6-93dba10e4ab2,Streets,Oddball,"Ranked Arena",CrossPlay,Open,833,,Win,50.72,4169,3585,209,106,103,1.18,4.66,13,11,8,0,0,14,12,1735,0,4,531
"2023-10-20 19:55:21",eArL694412,bed7f61b-a4e3-42fc-971b-77f3baff6a83,"Live Fire",Extraction,"Ranked Arena",CrossPlay,Open,848,,Loss,58.37,5371,4350,233,136,97,0.85,1.00,11,13,9,0,0,14,12,1750,0,4,541
"2023-10-20 20:05:53",eArL694412,7c9a0688-2f7e-45b6-92e7-7882cc60da8a,"Live Fire",Oddball,"Ranked Arena",CrossPlay,Open,841,,Win,52.72,6778,5124,294,155,139,1.00,2.66,16,16,8,1,0,20,19,2120,0,5,794
"2023-10-20 20:21:37",eArL694412,9d561a2e-2734-40a0-a2db-a64aaa98e2ab,Solitude,"King of the Hill","Ranked Arena",CrossPlay,Open,854,,Win,48.03,2983,2075,152,73,79,4.33,12.66,13,3,8,0,0,12,10,1975,0,4,417
"2023-10-20 20:31:51",eArL694412,eada4452-823e-4793-8b3c-9f17e779c1ad,"Live Fire",Extraction,"Ranked Arena",CrossPlay,Open,869,,Loss,43.3,4560,3964,261,113,148,1.23,4.66,16,13,5,0,1,15,14,2350,0,7,629
"2023-10-20 20:44:28",eArL694412,a05bebe1-d6a6-42e7-8e73-ccbc3e804eb9,Streets,Slayer,"Ranked Arena",CrossPlay,Open,864,,Loss,48.59,3047,2437,142,69,73,1.43,5.33,10,7,7,0,0,10,10,1350,0,5,438
"2023-10-20 20:55:57",eArL694412,17003b67-5a91-4ba2-af1e-5b5626207867,"Live Fire",Strongholds,"Ranked Arena",CrossPlay,Open,859,,Loss,46.36,4361,3819,220,102,118,0.55,-2.33,6,11,8,0,0,10,12,1325,0,2,493
"2023-10-20 21:06:38",eArL694412,921ed7f9-cf96-4fd9-b333-3a8c48709f20,Argyle,"CTF 3 Captures","Ranked Arena",CrossPlay,Open,853,,Loss,55.28,4729,2607,199,110,89,1.43,3.33,10,7,1,0,0,10,10,1100,0,3,483
"2023-10-20 21:16:47",eArL694412,6af2b06a-d6e3-4705-911f-fc3b634309a7,Recharge,Slayer,"Ranked Arena",CrossPlay,Open,848,,Win,52.04,4410,3327,196,102,94,2.17,10.00,13,6,9,0,0,14,12,1750,0,5,569
"2023-10-21 00:09:37",eArL694412,e5dcba49-6641-4e56-ba50-ec499400eaad,Empyrean,Slayer,"Ranked Slayer",CrossPlay,Open,0,,Win,42.76,2612,2667,152,65,87,1.00,1.00,9,9,3,0,0,11,11,1050,0,5,520
"2023-10-21 00:20:37",eArL694412,1161a5d9-e127-4fed-85a5-7e00fa5a3e5f,"Live Fire",Strongholds,"Ranked Arena",CrossPlay,Open,863,,Loss,52.63,5303,5230,247,130,117,1.00,1.00,17,17,3,0,0,15,15,2250,0,5,650
"2023-10-21 00:33:07",eArL694412,8fe14d8d-c3b6-4bbc-a9e0-9aa3edf21ee9,"Live Fire",Slayer,"Ranked Arena",CrossPlay,Open,858,,Win,56.18,3967,3868,178,100,78,0.92,1.33,11,12,7,0,0,12,10,1450,0,1,577
"2023-10-21 00:44:16",eArL694412,bfaaa9a0-eb64-4e71-8188-23c6431500e3,Recharge,Extraction,"Ranked Arena",CrossPlay,Open,869,,Win,51.66,2965,1720,151,78,73,2.00,5.66,8,4,5,0,0,9,7,1850,0,8,370
"2023-10-21 00:52:22",eArL694412,993fda47-2d71-49dd-be79-e28e7e7849c6,Streets,Oddball,"Ranked Arena",CrossPlay,Open,882,,Win,52.9,3525,2480,138,73,65,1.50,5.00,9,6,6,0,0,11,10,1200,0,4,429
"2023-10-22 21:13:11",eArL694412,71f2decb-022b-4ce5-93fb-b8a39a83b43d,Solitude,Slayer,"Ranked Arena",CrossPlay,Open,895,,Left,63.16,439,590,19,12,7,0.50,-0.66,1,2,1,0,0,3,3,150,0,0,607
"2023-10-22 21:23:48",eArL694412,69a023cb-607e-49dd-bc67-f98bdc7d157c,"Live Fire",Slayer,"Ranked Arena",CrossPlay,Open,880,,Win,48.46,3356,2286,130,63,67,2.40,9.66,12,5,8,0,0,10,6,1600,0,5,632
"2023-10-22 21:36:48",eArL694412,16c7814e-5acc-4595-8238-ff3177c922b4,Streets,Extraction,"Ranked Arena",CrossPlay,Open,885,,Win,62.5,2067,1526,96,60,36,2.50,7.33,10,4,4,0,0,8,5,2050,0,7,335
"2023-10-22 23:26:52",eArL694412,2110359a-eda7-4454-90fa-71b91c817391,Recharge,"King of the Hill","Ranked Arena",CrossPlay,Open,897,,Loss,49.77,4438,3841,215,107,108,1.00,2.00,14,14,6,0,0,14,14,1810,0,4,530
"2023-10-22 23:38:03",eArL694412,ec1d671c-aaf6-44ad-9b2d-d8511facc8c4,Streets,Slayer,"Ranked Arena",CrossPlay,Open,891,,Loss,57.69,3368,3523,130,75,55,0.46,-5.00,6,13,6,0,0,10,10,900,0,1,447
"2023-10-24 00:26:02",eArL694412,24cce208-e0ce-4800-882a-699dcf0c7b86,Solitude,Strongholds,"Ranked Arena",CrossPlay,Open,883,,Loss,49.75,3768,4148,203,101,102,0.46,-5.66,6,13,4,0,0,12,13,1000,0,2,564
"2023-10-24 00:37:29",eArL694412,7595819c-d775-49c6-b2d2-d0586c0ded57,Empyrean,"CTF 3 Captures","Ranked Arena",CrossPlay,Open,875,,Win,54.58,7115,3986,284,155,129,1.50,9.66,15,10,14,0,0,17,15,2230,0,8,772
"2023-10-24 00:53:58",eArL694412,9915a44a-9ac1-4561-8398-1a21b6bb6539,"Live Fire",Oddball,"Ranked Arena",CrossPlay,Open,885,,Win,48.04,5771,6584,306,147,159,0.76,-2.33,16,21,8,0,0,22,20,2155,0,6,908
"2023-10-24 01:10:23",eArL694412,9c46caa0-9c5d-4085-9a90-22aef39fed20,Solitude,Strongholds,"Ranked Arena",CrossPlay,Open,895,,Loss,50.26,4160,3324,195,98,97,1.36,5.00,15,11,3,0,0,12,12,1925,0,3,519
"2023-10-24 01:21:21",eArL694412,bcad4e13-3e7d-4c3c-b5a7-1ae879d18eeb,Recharge,Extraction,"Ranked Arena",CrossPlay,Open,889,,Loss,52.55,3334,3813,137,72,65,1.00,1.00,10,10,3,0,0,9,12,1475,0,3,472
"2023-10-27 01:30:24",eArL694412,d77da877-9589-4474-ad31-79240a747ef8,Streets,Extraction,"Ranked Arena",CrossPlay,Open,884,,Loss,54.95,2826,3199,111,61,50,0.82,-1.00,9,11,3,0,0,10,10,1100,0,2,434
"2023-10-27 01:39:06",eArL694412,ab938f22-6d4c-4c87-8638-75dcc377431d,Recharge,Extraction,"Ranked Arena",CrossPlay,Open,877,,Left,47.78,1522,1968,90,43,47,0.50,-2.66,3,6,1,0,0,3,8,350,0,2,429
"2023-10-27 01:45:21",eArL694412,11810032-b834-4e49-88c7-d97154b913e6,Aquarius,Slayer,"Ranked Arena",CrossPlay,Open,872,,Win,62.76,5259,3109,196,123,73,1.38,5.33,11,8,7,0,0,13,13,1450,0,3,580
"2023-10-27 01:56:36",eArL694412,5f7f9a79-c19a-4d9f-97a3-682ea1ce6176,Streets,Oddball,"Ranked Arena",CrossPlay,Open,883,,Loss,60,4524,2596,190,114,76,1.86,8.33,13,7,7,0,0,10,10,1675,0,6,423
"2023-10-27 02:04:54",eArL694412,1f2cdd15-33d6-4315-b29a-5926f463e015,Streets,Extraction,"Ranked Arena",CrossPlay,Open,878,,Loss,63.72,3732,3171,113,72,41,0.64,-1.66,7,11,7,0,0,10,9,1275,0,5,405
"2023-10-27 03:47:08",eArL694412,eb7f3889-5c7d-429f-b9b5-bd0cc5acafc2,Empyrean,Slayer,"Ranked Slayer",CrossPlay,Open,0,,Win,54.08,3351,2958,196,106,90,1.25,3.33,10,8,4,0,0,9,10,1200,0,5,440
"2023-10-27 03:57:51",eArL694412,b0ee7d64-cf77-437a-ab8d-5752c85f7b6f,Detachment,Slayer,"Ranked Slayer",CrossPlay,Open,0,,Loss,49.8,5362,4664,255,127,128,0.79,0.00,11,14,9,0,0,14,15,1560,0,7,674
"2023-10-27 04:11:50",eArL694412,22df457c-f525-4632-95e4-c7d5f967e72e,Aquarius,Slayer,"Ranked Slayer",CrossPlay,Open,0,,Loss,56.68,4945,3410,187,106,81,1.13,1.66,9,8,2,0,0,10,11,1000,0,3,507
"2023-10-27 04:23:58",eArL694412,2bfbc230-6296-4ebb-8bee-676731d74c82,Argyle,"CTF 3 Captures","Ranked Arena",CrossPlay,Open,870,,Left,53.59,4718,4081,237,127,110,0.79,-2.33,11,14,2,0,0,11,15,1235,0,2,713
"2023-10-30 01:45:11",eArL694412,f422f1c4-6320-4375-ab84-47738d59671c,Recharge,Slayer,"Ranked Slayer",CrossPlay,Open,0,,Win,50,5415,4234,218,109,109,1.56,6.66,14,9,5,0,0,12,13,1660,0,9,584
"2023-10-30 01:56:22",eArL694412,b19c94cf-0b44-453b-ac40-3dcd0b6c0d5d,Solitude,Slayer,"Ranked Arena",CrossPlay,Open,863,,Win,52.38,3794,3705,189,99,90,1.00,1.33,10,10,4,0,0,13,12,1200,0,6,548
"2023-10-30 02:07:36",eArL694412,77cf1c4d-be54-478b-8be9-d00a66cf026d,Streets,Extraction,"Ranked Arena",CrossPlay,Open,874,,Left,59.04,1875,1506,83,49,34,0.80,-0.66,4,5,1,0,0,2,7,460,0,0,336
"2023-10-30 02:11:48",eArL694412,6a91728d-f45a-4b3f-afc9-46172ef4c6de,Recharge,"King of the Hill","Ranked Arena",CrossPlay,Open,870,,Win,52.67,8431,6003,393,207,186,2.00,20.33,32,16,13,1,0,24,21,3950,0,9,854
"2023-10-30 02:28:11",eArL694412,4019aa82-0527-40a2-8ba6-e40695e05176,"Live Fire",Slayer,"Ranked Arena",CrossPlay,Open,885,,Loss,48.28,3207,3904,174,84,90,1.00,0.66,10,10,2,0,0,10,11,1100,0,2,476
"2023-10-30 02:37:12",eArL694412,1ba1f226-daa5-46ef-9822-add4dbbe56a3,Recharge,Oddball,"Ranked Arena",CrossPlay,Open,879,,Loss,49.39,8954,7017,411,203,208,1.47,13.00,28,19,12,0,0,25,25,3700,0,9,1049
"2023-10-30 02:57:02",eArL694412,c578b16a-1065-4fec-975b-779ff36a8cab,Streets,Slayer,"Ranked Arena",CrossPlay,Open,874,,Win,55.38,4669,3117,195,108,87,1.71,9.00,12,7,12,0,0,10,9,1800,0,6,418
"2023-10-30 03:05:18",eArL694412,b0958fa1-a38e-4602-880f-abe15b045415,"Live Fire",Extraction,"Ranked Arena",CrossPlay,Open,886,,Loss,52.08,3383,3175,144,75,69,0.58,-3.66,7,12,4,0,0,10,10,900,0,1,438
"2023-10-30 03:14:50",eArL694412,001dd482-84ba-4dda-bf39-1ce06f4ec526,Aquarius,Slayer,"Ranked Arena",CrossPlay,Open,879,,Win,53.33,4438,3458,225,120,105,1.40,7.66,14,10,11,0,0,13,11,1950,0,3,530
"2023-10-30 03:30:33",eArL694412,830ae7f2-29c5-430d-97a0-357d6934c760,Aquarius,"CTF 5 Captures","Ranked Arena",CrossPlay,Open,892,,Loss,60.56,9835,6512,464,281,183,1.72,15.66,31,18,8,0,0,21,22,3665,0,7,1018
"2023-10-30 03:49:00",eArL694412,6255fc36-a7b5-4450-9427-84ef9ed6754c,"Live Fire","King of the Hill","Ranked Arena",CrossPlay,Open,887,,Win,64.81,5990,4894,233,151,82,1.40,9.00,21,15,9,0,0,19,16,2725,0,6,647
"2023-10-30 04:01:54",eArL694412,b75c74b3-9a06-4f81-a8cd-d5f9c20a27a6,Aquarius,Slayer,"Ranked Arena",CrossPlay,Open,899,,Loss,51.4,3922,3806,214,110,104,1.10,2.66,11,10,5,0,0,12,13,1350,0,6,549
"2023-10-30 04:15:01",eArL694412,35c46846-6bfc-4ee0-9fde-d79f0f030c7f,Recharge,Strongholds,"Ranked Arena",CrossPlay,Open,893,,Win,51.49,5524,3739,235,121,114,1.40,7.66,14,10,11,0,0,16,15,2325,0,3,652
"2023-10-30 04:27:21",eArL694412,a3abfc9d-6788-4cd5-a174-b8210e7acc1d,Aquarius,Slayer,"Ranked Arena",CrossPlay,Open,903,,Loss,53.57,3605,3610,168,90,78,0.83,-0.66,10,12,4,0,0,11,11,1210,0,2,490
"2023-10-30 04:36:32",eArL694412,bdb0fabf-4ff0-4401-b6e0-1182ef728445,Aquarius,"CTF 5 Captures","Ranked Arena",CrossPlay,Open,897,,Loss,51.94,7723,4303,387,201,186,2.60,19.33,26,10,10,0,0,17,17,3275,0,11,786
"2023-10-30 04:51:18",eArL694412,ccd1029f-027a-414d-9542-6ffec0a4795a,"Live Fire",Extraction,"Ranked Arena",CrossPlay,Open,892,,Loss,48.18,4085,4120,220,106,114,0.91,0.33,10,11,4,0,0,13,12,1700,0,9,544
"2023-10-30 05:01:52",eArL694412,3024f92e-678b-467f-a57b-40dd09c8e239,Argyle,"CTF 3 Captures","Ranked Arena",CrossPlay,Open,886,,Loss,44.44,3210,2882,162,72,90,0.67,-2.00,6,9,3,0,0,9,10,750,0,4,463
"2023-10-30 05:11:30",eArL694412,a883aa93-ea5c-4644-ba1f-9fabf57c5305,Streets,Extraction,"Ranked Arena",CrossPlay,Open,880,,Loss,56.7,6762,4995,261,148,113,1.27,7.33,19,15,10,0,0,16,15,3010,0,6,671
"2023-10-31 00:37:39",eArL694412,ed7a61f9-1dde-4aaa-bd30-b6b8211b6471,Bazaar,"Team Snipers","Team Snipers",CrossPlay,Open,0,,Left,33.33,1946,1946,30,10,20,1.00,0.33,6,6,1,0,0,8,7,660,0,6,606
"2023-10-31 00:45:12",eArL694412,90e9db2d-81b6-481e-9b57-ba80676d5571,Streets,Oddball,"Ranked Arena",CrossPlay,Open,875,,Win,45,1111,898,60,27,33,1.00,0.66,2,2,2,0,0,6,3,570,0,1,323
"2023-10-31 00:52:03",eArL694412,a7e6ea71-fefb-4d66-8383-61ef26f5faad,Recharge,Oddball,"Ranked Arena",CrossPlay,Open,880,,Left,49.5,2356,1709,101,50,51,1.67,5.66,10,6,5,0,0,5,9,1300,0,5,368
"2023-10-31 00:58:30",eArL694412,1fb98c11-67bf-4d43-a97a-e28abbd689f8,Solitude,Slayer,"Ranked Arena",CrossPlay,Open,876,,Loss,54.79,3627,4288,146,80,66,0.50,-5.66,7,14,4,0,0,11,12,900,0,1,516
"2023-10-31 01:08:48",eArL694412,3304b533-c90b-44c8-a291-94b1f6599bb3,Aquarius,Slayer,"Ranked Arena",CrossPlay,Open,870,,Win,60.66,5485,3004,211,128,83,3.60,15.00,18,5,6,0,0,12,11,2100,0,6,518
"2023-10-31 01:20:35",eArL694412,726f0c31-5278-4958-9c2a-7bbac8b5f131,Solitude,Slayer,"Ranked Arena",CrossPlay,Open,884,,Win,53.33,4674,3584,195,104,91,1.00,2.33,11,11,7,0,0,13,12,1450,0,3,549
"2023-10-31 01:31:12",eArL694412,49bb5150-9a7f-43b1-9f2e-d2d6f4ca1099,Streets,Extraction,"Ranked Arena",CrossPlay,Open,895,,Win,59.66,4849,3998,176,105,71,1.17,3.66,14,12,5,0,0,13,12,2475,0,8,550
"2023-10-31 01:42:15",eArL694412,275b3a70-6a6d-46ac-9597-8dd4fbd255dd,Aquarius,Slayer,"Ranked Arena",CrossPlay,Open,906,,Loss,52.47,4679,4028,223,117,106,1.09,3.66,12,11,8,0,0,13,12,1600,0,4,557
"2023-10-31 01:53:07",eArL694412,9dd9d308-1d97-4cbc-8e20-4530b541313f,Recharge,Strongholds,"Ranked Arena",CrossPlay,Open,900,,Loss,51.98,6062,4213,252,131,121,1.23,6.00,16,13,9,0,0,15,15,2475,0,5,643
"2023-11-02 00:39:09",eArL694412,439251db-8935-4a8f-9681-8b7aeaaa9127,Deadlock,Stockpile,"Big Team Battle",CrossPlay,Open,0,,Left,60,112,439,15,9,6,0.00,-2.00,0,2,0,0,0,0,2,0,0,0,641
"2023-11-02 01:30:30",eArL694412,bd56c247-684f-4744-8d0c-52f9be737dfd,Solitude,Slayer,"Ranked Arena",CrossPlay,Open,894,,Loss,59.61,4913,3898,203,121,82,1.42,5.66,17,12,2,0,0,12,12,1800,0,5,546
"2023-11-02 01:42:15",eArL694412,efce566d-6f51-4f2a-9a14-80d9187e063b,"Live Fire",Extraction,"Ranked Arena",CrossPlay,Open,889,,Win,60.54,3530,2902,147,89,58,2.00,9.33,12,6,10,0,0,11,10,2525,0,10,445
"2023-11-02 01:51:08",eArL694412,b478579b-86a4-4165-9058-1ac4303ccd9a,"Live Fire",Oddball,"Ranked Arena",CrossPlay,Open,900,,Win,50.81,3291,1846,124,63,61,2.75,7.66,11,4,2,0,0,11,9,1200,0,6,425
"2023-11-02 02:00:01",eArL694412,ba981263-796a-4123-86ea-285d7ea611ec,Forbidden,"CTF 3 Captures","Ranked Arena",CrossPlay,Open,912,,Draw,53.82,10626,6600,498,268,230,1.39,10.66,25,18,11,0,0,22,22,3100,0,10,1071
"2023-11-02 02:20:11",eArL694412,a6f9bd4a-c394-478f-bc55-1744256b603d,"Live Fire","King of the Hill","Ranked Arena",CrossPlay,Open,912,,Loss,55.93,6448,7118,236,132,104,1.21,8.00,23,19,12,0,0,18,17,3150,0,16,673
"2023-11-02 02:33:26",eArL694412,a19de149-ec97-4253-a13d-066ecea8b2ed,Aquarius,Slayer,"Ranked Arena",CrossPlay,Open,907,,Loss,48.85,3954,3380,217,106,111,1.22,3.33,11,9,4,0,0,11,11,1300,0,3,491
"2023-11-02 02:43:39",eArL694412,29bc9aad-6970-4b02-8365-364399b41d13,Solitude,Strongholds,"Ranked Arena",CrossPlay,Open,901,,Win,51.46,3703,3107,171,88,83,1.50,7.00,12,8,9,0,0,12,10,2025,0,5,486
"2023-11-02 02:53:28",eArL694412,26c5976d-2ded-4b19-a7a3-481fb7c0426d,"Live Fire",Strongholds,"Ranked Arena",CrossPlay,Open,912,,Win,53.33,3500,2927,180,96,84,1.43,4.66,10,7,5,0,0,11,7,1575,0,4,459
"2023-11-02 03:02:30",eArL694412,2eee0756-31fa-4f35-9e7f-99a6fcbff2d8,Forbidden,"CTF 3 Captures","Ranked Arena",CrossPlay,Open,917,,Loss,50.45,4760,5321,224,113,111,0.73,-3.00,11,15,3,0,1,15,16,1175,0,7,749
"2023-11-02 03:16:09",eArL694412,445bfe10-618a-4547-95db-e47737ecf290,Solitude,Slayer,"Ranked Arena",CrossPlay,Open,911,,Win,52.49,4915,4052,181,95,86,1.09,2.33,12,11,4,0,0,15,12,1400,0,7,599
"2023-11-02 03:27:35",eArL694412,311573fa-438b-4340-9024-f2aa886e27c2,Aquarius,Slayer,"Ranked Arena",CrossPlay,Open,920,,Win,50,2240,1885,108,54,54,0.83,1.66,5,6,8,0,0,10,9,900,0,2,421
"2023-11-02 03:35:54",eArL694412,e21800f7-3c8c-4212-a984-fc1ee814d755,"Live Fire",Oddball,"Ranked Arena",CrossPlay,Open,929,,Win,48.8,7492,6109,334,163,171,1.00,2.00,19,19,6,0,0,22,21,2310,0,13,867
"2023-11-02 03:52:03",eArL694412,7e5b0462-5864-40bc-b5bc-72d772c9c2f4,Argyle,"CTF 3 Captures","Ranked Arena",CrossPlay,Open,938,,Win,50.26,4358,4184,195,98,97,0.90,3.33,9,10,13,0,0,13,13,1915,0,3,643
"2023-11-02 04:03:58",eArL694412,5ff3d80f-a232-4c1c-8429-ba3679eeddb8,Forbidden,"CTF 3 Captures","Ranked Arena",CrossPlay,Open,947,,Win,59.38,6444,4361,224,133,91,1.67,10.00,20,12,6,0,0,16,15,2350,0,9,761
"2023-11-04 00:13:58",eArL694412,07a728f9-1a34-42d5-9b62-a879a485ae58,Catalyst,"Team Slayer","Team Slayer",CrossPlay,Open,0,,Win,48.31,3248,2843,445,215,230,1.38,4.00,11,8,3,0,0,14,10,1250,0,5,557
"2023-11-04 00:24:05",eArL694412,178606ea-6f26-4ebb-91da-b8fd8e7c6776,Forbidden,"Slayer BR","Team Slayer",CrossPlay,Open,0,,Win,49.17,4057,2884,360,177,183,1.89,9.33,17,9,4,0,0,15,10,1900,0,8,630
"2023-11-04 00:36:26",eArL694412,bb8912c9-b268-45eb-951f-d2a344ef181a,Cliffhanger,"Team Slayer","Team Slayer",CrossPlay,Open,0,,Win,50.81,4977,3020,557,283,274,1.78,9.00,16,9,6,0,0,14,10,1900,0,6,564
"2023-11-04 00:47:30",eArL694412,42c0502d-3a53-4627-8bb6-f339a44f99bd,Empyrean,Slayer,"Team Slayer",CrossPlay,Open,0,,Win,46.86,4920,4342,414,194,220,0.93,0.66,14,15,5,0,0,10,13,1650,0,3,572
"2023-11-04 00:58:55",eArL694412,4ea82346-3fde-412f-a91c-490aee574b0e,Bazaar,Slayer,"Team Doubles",CrossPlay,Open,0,,Loss,38.97,3446,2959,349,136,213,0.64,-2.00,7,11,6,0,0,9,9,1010,0,2,486
"2023-11-04 01:08:28",eArL694412,16486907-5fbc-4493-ac1c-4ea8710c02b9,Bazaar,CTF,"Team Doubles",CrossPlay,Open,0,,Loss,47.11,5676,4874,467,220,247,0.67,-3.66,10,15,4,0,0,13,12,1295,0,6,667
"2023-11-04 01:20:59",eArL694412,1d8324c2-58d0-4d44-9968-1e4f4002f49e,Recharge,Slayer,"Team Slayer",CrossPlay,Open,0,,Loss,38.22,3641,3932,314,120,194,1.18,4.00,13,11,6,0,0,12,13,1610,0,2,597
"2023-11-04 01:32:05",eArL694412,d198671d-fb84-4d4a-8e91-3c8c664161e9,Streets,"Team Slayer","Team Slayer",CrossPlay,Open,0,,Loss,54.72,3535,2591,360,197,163,1.50,5.33,12,8,4,0,0,9,9,1410,0,9,439
"2023-11-04 01:41:20",eArL694412,f2d42117-a372-4bff-9c23-38002d1d98a3,Streets,"Slayer BR","Team Slayer",CrossPlay,Open,0,,Win,54.05,3839,3204,370,200,170,1.67,9.00,15,9,9,0,0,9,9,1950,0,6,461
"2023-11-04 01:50:13",eArL694412,6700c3a1-56c6-4752-831f-f99d58bd63b7,Detachment,"Slayer BR","Team Slayer",CrossPlay,Open,0,,Loss,49.68,4594,4807,471,234,237,0.56,-6.00,9,16,3,0,0,13,11,1050,0,3,606
"2023-11-04 02:09:16",eArL694412,ca4bc250-e287-43a1-872c-ef1703065877,Streets,Slayer,"Ranked Arena",CrossPlay,Open,957,,Win,54.22,3925,3117,166,90,76,1.00,2.66,8,8,8,0,0,12,12,1200,0,3,520
"2023-11-04 02:19:33",eArL694412,e7f7199a-7e84-4ed8-a80a-5237714a7ca9,"Live Fire",Strongholds,"Ranked Arena",CrossPlay,Open,966,,Loss,50,4993,5097,252,126,126,0.94,1.33,15,16,7,0,0,16,18,2525,0,3,758
"2023-11-04 02:35:14",eArL694412,f8222eeb-78c7-488f-954f-a45514f9f517,Aquarius,"CTF 5 Captures","Ranked Arena",CrossPlay,Open,958,,Loss,54.06,6090,5329,283,153,130,1.44,9.00,23,16,6,0,0,15,17,2985,0,8,752
"2023-11-04 02:48:43",eArL694412,c1e858a1-cc2d-4cb3-b5e6-e49384c73f7f,"Live Fire",Slayer,"Ranked Arena",CrossPlay,Open,952,,Win,37.84,3020,3488,222,84,138,0.57,-0.33,4,7,8,0,0,10,10,820,0,0,445
"2023-11-04 03:00:56",eArL694412,f36e8f55-db9b-40d6-adc2-f577b9c52c86,Streets,Extraction,"Ranked Arena",CrossPlay,Open,960,,Win,52.36,4777,4262,233,122,111,1.64,11.00,18,11,12,0,0,16,12,3325,0,8,594
"2023-11-04 03:12:06",eArL694412,19219e5a-dce9-4384-a98e-7596a93d0dee,Solitude,Strongholds,"Ranked Arena",CrossPlay,Open,970,,Win,55.68,11536,6668,440,245,195,2.35,31.00,40,17,24,0,0,28,23,6625,0,21,1080
"2023-11-04 03:32:20",eArL694412,57cf5b51-5507-4677-8fc5-1ca296f0a5c0,Aquarius,Slayer,"Ranked Arena",CrossPlay,Open,982,,Win,53.07,4485,2933,179,95,84,2.00,10.00,16,8,6,0,0,11,10,1900,0,3,450
"2023-11-04 03:41:15",eArL694412,16c425bd-1c54-4bc8-af90-2cd34588b841,"Live Fire",Slayer,"Ranked Arena",CrossPlay,Open,992,,Loss,43.6,4304,4673,250,109,141,0.91,0.66,10,11,5,0,0,14,13,1250,0,6,615
"2023-11-04 03:54:10",eArL694412,e84e4fc9-06fa-485e-8b7b-ccb33dc9774c,Recharge,Strongholds,"Ranked Arena",CrossPlay,Open,984,,Loss,44.66,3737,3848,206,92,114,0.58,-2.33,7,12,8,0,0,13,14,1425,0,1,605
"2023-11-04 04:06:26",eArL694412,a44089c4-b08a-44d8-99e9-18a412f47367,Aquarius,"CTF 5 Captures","Ranked Arena",CrossPlay,Open,975,,Win,49.61,8863,6448,383,190,193,1.25,6.00,20,16,6,0,0,24,22,2675,0,7,1045
"2023-11-04 04:24:44",eArL694412,e1a65f77-6828-42a9-8f7d-e757787af365,Forbidden,"CTF 3 Captures","Ranked Arena",CrossPlay,Open,983,,Loss,55.7,4718,2266,228,127,101,3.00,14.33,18,6,7,0,0,9,11,2210,0,8,502
"2023-11-04 04:36:08",eArL694412,c2b43524-37b5-4b35-92ca-787f4a7320e9,Solitude,Slayer,"Ranked Arena",CrossPlay,Open,976,,Loss,50.3,3685,4153,169,85,84,0.43,-6.00,6,14,6,0,0,9,11,900,0,4,458
"2023-11-04 04:45:26",eArL694412,ff120722-b9c8-4b3e-811e-61dd81212632,Solitude,"King of the Hill","Ranked Arena",CrossPlay,Open,968,,Loss,49.49,4353,4707,196,97,99,0.80,-0.66,12,15,7,0,0,17,17,1650,0,4,658
"2023-11-04 04:58:34",eArL694412,d27d256e-837c-4aa4-b5c8-85f50917fb4c,Recharge,Extraction,"Ranked Arena",CrossPlay,Open,960,,Left,49.08,3362,3337,163,80,83,1.00,2.66,9,9,8,0,0,8,11,1710,0,2,499
"2023-11-04 05:07:11",eArL694412,5c591dc4-d0f7-409a-8990-99e23421e27b,Streets,Oddball,"Ranked Arena",CrossPlay,Open,953,,Loss,51.5,6250,7055,301,155,146,0.70,-2.66,14,20,10,0,0,21,22,2235,0,7,895
"2023-11-04 05:23:57",eArL694412,068441b2-2bc7-4a1b-b5c6-45b42dad8e38,Solitude,Strongholds,"Ranked Arena",CrossPlay,Open,945,,Loss,49.33,5463,5390,225,111,114,1.12,6.00,19,17,12,0,0,14,16,2875,0,9,673
"2023-11-04 05:37:30",eArL694412,ebc1c2c9-3bc7-449e-91e3-98f514568479,"Live Fire","King of the Hill","Ranked Arena",CrossPlay,Open,939,,Win,54.17,1944,2562,72,39,33,0.88,-0.33,7,8,2,0,0,7,9,1350,0,4,374
"2023-11-04 05:45:01",eArL694412,91a33e14-c8d2-486d-9b34-32ca693fab2a,Empyrean,"CTF 3 Captures","Ranked Arena",CrossPlay,Open,951,,Loss,53.33,2958,3510,135,72,63,0.36,-5.00,4,11,6,0,0,7,12,700,0,3,477
"2023-11-05 21:19:26",eArL694412,9f76989d-686c-4a1e-ae90-231279ddca70,Solitude,"King of the Hill","Ranked Arena",CrossPlay,Open,944,,Win,53.94,7818,5749,330,178,152,1.64,12.33,23,14,10,0,0,21,17,3175,0,13,706
"2023-11-05 21:32:41",eArL694412,40387d15-1aad-41ea-aa9b-1ac6f92a7b80,Solitude,Slayer,"Ranked Arena",CrossPlay,Open,954,,Loss,42.98,4279,4298,228,98,130,0.62,-3.00,8,13,6,0,0,12,12,1100,0,4,542
"2023-11-05 21:45:19",eArL694412,3f27a795-86f8-4187-8477-27914441bcd0,"Live Fire",Oddball,"Ranked Arena",CrossPlay,Open,947,,Loss,47.86,4931,4916,234,112,122,0.88,3.00,14,16,15,1,0,17,16,2170,0,5,661
"2023-11-05 21:58:02",eArL694412,b46fdaca-ed00-4017-9f33-8f192ec31b8c,Solitude,Slayer,"Ranked Arena",CrossPlay,Open,940,,Win,52.61,5183,3942,230,121,109,1.36,6.66,15,11,8,0,0,14,13,1900,0,3,608
"2023-11-05 22:09:31",eArL694412,7e2338f6-d34a-4a5c-b42f-cbc19302319f,Streets,Oddball,"Ranked Arena",CrossPlay,Open,950,,Loss,52.62,9282,9962,401,211,190,0.70,-3.00,21,30,18,0,0,27,27,3425,0,8,1097
"2023-11-05 22:28:41",eArL694412,2f80ea09-5505-41f3-bedb-dfb457064b4a,Recharge,"King of the Hill","Ranked Arena",CrossPlay,Open,943,,Loss,57.62,8259,6254,328,189,139,1.28,8.66,23,18,11,0,0,22,20,3050,0,8,795
"2023-11-06 00:35:26",eArL694412,fcf63bcc-e60f-472c-a556-ee88aca68081,Aquarius,Slayer,"Ranked Arena",CrossPlay,Open,937,,Win,50.16,5706,3655,305,153,152,1.44,7.00,13,9,9,0,0,16,14,1750,0,6,668
"2023-11-06 00:48:10",eArL694412,e8f297a3-1e0a-4ec1-a7a2-23502aee1b90,Recharge,Strongholds,"Ranked Arena",CrossPlay,Open,947,,Loss,48.96,4118,3099,192,94,98,1.00,3.00,11,11,9,0,0,11,10,1700,0,2,452
"2023-11-06 00:56:46",eArL694412,16d5ae87-d6af-468d-811d-bf39e7387e71,Recharge,"King of the Hill","Ranked Arena",CrossPlay,Open,941,,Win,50.66,5317,5013,229,116,113,0.72,-0.66,13,18,13,0,0,18,16,2250,0,5,643
"2023-11-06 01:08:42",eArL694412,20b23a25-21d5-41e2-882b-7a10a6dc3329,"Live Fire",Oddball,"Ranked Arena",CrossPlay,Open,950,,Loss,53.96,7829,7243,328,177,151,0.96,6.33,23,24,22,1,0,24,24,3685,0,5,972
"2023-11-06 01:27:20",eArL694412,3e54f9ed-edee-493f-baaf-89359e930c60,Recharge,Strongholds,"Ranked Arena",CrossPlay,Open,943,,Win,57.09,7215,5262,247,141,106,1.56,12.33,28,18,7,0,0,18,16,3500,0,16,727
"2023-11-06 01:41:02",eArL694412,63e629e1-8748-47ae-b0b4-57b760351dd2,Streets,Oddball,"Ranked Arena",CrossPlay,Open,954,,Loss,55.74,9183,7717,357,199,158,1.48,13.33,34,23,7,0,0,24,24,3940,0,18,1000
"2023-11-06 01:58:45",eArL694412,d4003a38-ffea-4107-9614-bc5cadde4746,Aquarius,Slayer,"Ranked Arena",CrossPlay,Open,949,,Win,45.93,4422,4078,246,113,133,1.18,3.66,13,11,5,0,0,13,11,1550,0,4,528
"2023-11-06 02:31:35",eArL694412,457d8d2e-3036-42e3-a6c6-aed4cad912f4,Forbidden,"CTF 3 Captures","Ranked Arena",CrossPlay,Open,959,,Loss,43.64,2387,2420,110,48,62,0.33,-5.33,3,9,2,0,1,8,8,325,0,1,406
"2023-11-06 02:40:05",eArL694412,0e88fe36-94f3-4864-b826-68aa9203c10b,"Live Fire","King of the Hill","Ranked Arena",CrossPlay,Open,952,,Win,59.3,2417,2011,86,51,35,1.40,3.33,7,5,4,0,0,9,7,1000,0,3,303
"2023-11-06 02:46:04",eArL694412,56b5023e-b456-4bd3-85a4-cfbfcada5aad,Solitude,"King of the Hill","Ranked Arena",CrossPlay,Open,962,,Loss,54.11,6561,4462,231,125,106,1.29,6.66,18,14,8,0,0,20,18,2550,2,10,728
"2023-11-06 02:59:28",eArL694412,55e2b483-534f-4af3-9402-5510a99af9ad,Solitude,Slayer,"Ranked Arena",CrossPlay,Open,956,,Loss,50.85,3813,4170,177,90,87,0.62,-1.66,8,13,10,0,0,12,12,1310,1,5,535
"2023-11-06 03:09:54",eArL694412,06881080-b0e6-4541-994f-64cf29ce9f8e,"Live Fire",Slayer,"Ranked Arena",CrossPlay,Open,949,,Loss,39.55,2952,3667,177,70,107,0.92,-0.33,12,13,2,0,0,10,11,1300,0,3,462
"2023-11-06 03:19:22",eArL694412,40480a89-3403-4d29-824c-e9d34d1e63a9,Argyle,"CTF 3 Captures","Ranked Arena",CrossPlay,Open,943,,Loss,47.92,6129,5017,288,138,150,1.47,9.00,22,15,6,0,0,15,16,2600,1,5,757
"2023-11-06 03:32:59",eArL694412,c84e9cd0-c823-47bc-b80c-8a71079272f2,"Live Fire","King of the Hill","Ranked Arena",CrossPlay,Open,937,,Loss,46.48,3338,3411,142,66,76,0.55,-2.66,6,11,7,0,0,11,10,1025,0,1,401
"2023-11-06 03:43:09",eArL694412,38b20be6-e9be-415b-9c89-61c8dea8bd04,Solitude,Strongholds,"Ranked Arena",CrossPlay,Open,930,,Win,58.14,3383,2630,129,75,54,0.89,0.66,8,9,5,0,0,11,8,1375,0,2,467
"2023-11-06 03:51:43",eArL694412,3e9e3b6e-3618-4aeb-80fe-6f4c8d2af45b,Aquarius,"CTF 5 Captures","Ranked Arena",CrossPlay,Open,940,,Loss,49.4,4935,4839,249,123,126,0.80,1.00,12,15,12,0,0,16,16,2195,0,6,735
"2023-11-06 04:07:03",eArL694412,93f64246-f910-4255-943f-b3fbce6a428d,Solitude,Slayer,"Ranked Arena",CrossPlay,Open,933,,Win,46.99,3611,3500,166,78,88,1.00,2.33,8,8,7,0,0,10,10,1150,0,3,465
"2023-11-06 04:18:02",eArL694412,9eb9e398-0d1c-41e6-83e8-f393768e7dd2,Recharge,"King of the Hill","Ranked Arena",CrossPlay,Open,942,,Loss,53.31,6602,6732,287,153,134,0.90,1.66,18,20,11,0,0,19,19,2650,0,5,745
"2023-11-06 04:38:44",eArL694412,797def8d-1019-4d7d-9219-0371c532c11e,"Live Fire",Oddball,"Ranked Arena",CrossPlay,Open,935,,Loss,42.04,3101,3423,157,66,91,0.58,-2.66,7,12,7,0,0,11,12,1170,0,2,475
"2023-11-06 04:48:43",eArL694412,4340d779-56cc-4be7-b2df-410317d8484b,Streets,Slayer,"Ranked Arena",CrossPlay,Open,928,,Win,37.17,667,933,113,42,71,0.50,0.00,1,2,3,0,0,3,2,250,0,0,238
"2023-11-06 04:57:17",eArL694412,7bf197bd-0a69-4d52-874a-4869545babb8,Streets,Extraction,"Ranked Arena",CrossPlay,Open,933,,Win,53.27,4810,3741,199,106,93,1.27,7.00,14,11,12,1,0,13,13,2900,0,13,559
"2023-11-06 05:08:07",eArL694412,612e1a94-08d1-4c34-bfd3-4f796fe9e684,"Live Fire","King of the Hill","Ranked Arena",CrossPlay,Open,942,,Win,53.47,6014,4872,202,108,94,1.21,4.66,17,14,5,0,0,16,15,2335,0,5,603
"2023-11-06 05:19:32",eArL694412,ba9242fa-a83a-4422-b87e-2c8eeab56c8a,Aquarius,"CTF 5 Captures","Ranked Arena",CrossPlay,Open,951,,Loss,46.78,5962,4211,342,160,182,1.46,10.33,19,13,13,0,0,15,17,2600,0,3,753
"2023-11-06 05:32:57",eArL694412,2d046472-3219-46fc-85a0-76d8b19b1454,"Live Fire",Strongholds,"Ranked Arena",CrossPlay,Open,944,,Loss,49.37,5327,5597,239,118,121,0.94,1.66,17,18,8,0,0,19,20,2860,0,2,852
"2023-11-07 01:45:08",eArL694412,adf96a18-5340-4722-b188-7ffaeb9159e1,"Live Fire",Strongholds,"Ranked Arena",CrossPlay,Open,937,,Loss,59.77,7292,5417,256,153,103,1.17,6.00,21,18,9,0,0,16,17,2900,0,9,730
"2023-11-07 01:58:53",eArL694412,d70b93f1-b22d-4e20-95a0-054a18bbb7ce,"Live Fire",Oddball,"Ranked Arena",CrossPlay,Open,931,,Win,54.55,4248,3800,143,78,65,1.10,3.33,11,10,7,0,0,13,12,1475,0,7,516
"2023-11-07 02:09:22",eArL694412,19776525-ff15-4ebc-bf57-9ace815800e3,"Live Fire",Slayer,"Ranked Arena",CrossPlay,Open,940,,Loss,58.1,2924,2967,105,61,44,0.50,-4.00,5,10,3,0,0,10,11,650,0,1,466
"2023-11-07 02:20:11",eArL694412,736dc470-a70d-4ffe-b1dd-db389752986b,Recharge,Extraction,"Ranked Arena",CrossPlay,Open,933,,Win,51.96,4249,2928,179,93,86,1.88,9.33,15,8,7,0,0,13,10,2700,0,7,523
"2023-11-07 02:29:52",eArL694412,23f0a4db-b67d-420d-8230-72f781576465,Streets,Slayer,"Ranked Arena",CrossPlay,Open,944,,Win,47.11,2569,2651,329,155,174,1.75,6.66,14,8,2,0,0,9,9,1500,0,5,415
"2023-11-07 02:38:26",eArL694412,7f0ac945-a74e-4f10-a5ed-574dde8c8662,Recharge,Oddball,"Ranked Arena",CrossPlay,Open,954,,Loss,49.3,5083,4818,215,106,109,0.94,1.66,15,16,8,0,0,16,17,1970,0,4,689
"2023-11-07 02:51:00",eArL694412,de52802e-c32f-4caa-9f85-06f8cf977209,Streets,Slayer,"Ranked Arena",CrossPlay,Open,947,,Win,52.45,3889,3240,204,107,97,1.13,4.00,9,8,9,0,0,12,12,1360,0,4,546
"2023-11-07 03:01:51",eArL694412,f9b246e2-515b-415d-b774-03fd4deab78d,Solitude,Strongholds,"Ranked Arena",CrossPlay,Open,956,,Loss,52.79,4811,4777,197,104,93,1.36,6.33,15,11,7,0,0,14,15,2435,0,4,628
"2023-11-07 03:13:30",eArL694412,b8c7b076-6ba5-41ca-8055-20480198647d,Recharge,Strongholds,"Ranked Arena",CrossPlay,Open,950,,Left,38.92,2357,3003,167,65,102,0.45,-4.33,5,11,5,0,0,10,12,1160,0,0,535
"2023-11-07 03:22:42",eArL694412,d21306e1-5da9-4b7c-867f-af0fb288898b,Aquarius,"CTF 5 Captures","Ranked Arena",CrossPlay,Open,942,,Loss,48.39,6408,6149,248,120,128,1.11,5.66,21,19,11,0,0,16,17,3145,0,10,751
"2023-11-07 03:41:40",eArL694412,81c8edf1-41cf-41f9-9977-07548618d63c,"Live Fire",Slayer,"Ranked Arena",CrossPlay,Open,936,,Loss,50.72,5260,5248,276,140,136,1.29,5.66,18,14,5,0,0,12,13,2050,0,6,564
"2023-11-07 03:52:23",eArL694412,6a7a3d01-e346-490e-b05b-41046e25edb9,"Live Fire",Oddball,"Ranked Arena",CrossPlay,Open,930,,Loss,50.17,6567,5532,299,150,149,0.88,1.66,15,17,11,0,0,17,18,2345,0,7,720
"2023-11-07 04:06:14",eArL694412,30a03bca-553d-4ee1-ab38-c2d7cb5b7875,Streets,Oddball,"Ranked Arena",CrossPlay,Open,923,,Loss,55.63,3153,3467,142,79,63,0.31,-6.33,4,13,8,0,0,12,13,1300,0,1,527
"2023-11-07 04:18:02",eArL694412,d2e89ade-e097-4551-bed6-e6c0eb28faab,Solitude,Slayer,"Ranked Arena",CrossPlay,Open,916,,Left,53.57,1368,1758,56,30,26,0.33,-4.00,2,6,0,0,0,3,6,200,0,1,639
"2023-11-07 04:23:58",eArL694412,de0faa6f-fbda-46e7-b939-e9f3884c811c,Recharge,Oddball,"Ranked Arena",CrossPlay,Open,911,,Loss,51.42,8242,7440,352,181,171,1.88,18.66,30,16,14,0,0,22,24,4475,0,16,966
"2023-11-07 04:43:01",eArL694412,ff234f1f-ee84-4f11-b405-94fbbb27d767,Solitude,Slayer,"Ranked Arena",CrossPlay,Open,905,,Win,53.74,5049,3007,214,115,99,1.86,9.00,13,7,9,0,0,12,10,1750,0,3,496
"2023-11-07 04:53:35",eArL694412,96696648-13c9-408f-a0cf-d665ef50bd0e,Aquarius,Slayer,"Ranked Arena",CrossPlay,Open,915,,Win,40.32,3774,3492,186,75,111,1.33,5.66,8,6,11,0,0,12,11,1350,0,4,523
"2023-11-07 05:06:34",eArL694412,3fd1bba0-1f31-4478-bd39-c9e7a0fa5ebc,Recharge,"King of the Hill","Ranked Arena",CrossPlay,Open,924,,Left,43.52,2059,1531,108,47,61,1.75,4.33,7,4,4,0,0,5,6,925,0,2,328
"2023-11-07 05:10:52",eArL694412,5d9a0615-d14c-4c7a-8bcc-a631a5498cc0,"Live Fire",Slayer,"Ranked Arena",CrossPlay,Open,917,,Loss,46.58,3855,3963,219,102,117,0.67,-3.00,8,12,3,1,0,11,12,850,0,3,506
"2023-11-07 05:20:50",eArL694412,f2dc9220-c4ea-4881-8e34-63f188fb9fe5,Solitude,Strongholds,"Ranked Arena",CrossPlay,Open,910,,Left,48.64,5201,5927,220,107,113,0.93,2.33,14,15,10,0,0,16,18,2325,0,4,771
"2023-11-07 05:35:08",eArL694412,2b8ea39d-6304-4691-8ddf-73c59ab9ffe9,"Live Fire",Slayer,"Ranked Arena",CrossPlay,Open,903,,Loss,46.67,3563,3916,120,56,64,0.58,-2.66,7,12,7,0,0,10,10,1050,0,4,454
"2023-11-07 05:45:02",eArL694412,dbcf212c-017f-4f63-a47c-6d529b951035,"Live Fire",Extraction,"Ranked Arena",CrossPlay,Open,896,,Win,52.8,4208,3476,214,113,101,1.63,8.66,13,8,11,0,1,12,10,2600,0,6,480
"2023-11-07 05:55:20",eArL694412,22083abc-06ad-4917-b80d-8455a4123b87,Recharge,Strongholds,"Ranked Arena",CrossPlay,Open,906,,Win,50.43,6869,5111,351,177,174,1.06,4.33,19,18,10,0,0,20,19,3000,0,13,839
"2023-11-08 03:17:06",eArL694412,c713b98d-6395-47e2-acfd-1491949db383,Recharge,"King of the Hill","Ranked Arena",CrossPlay,Open,916,,Win,47.11,5877,4926,329,155,174,1.21,9.00,17,14,18,0,0,21,16,3325,0,5,685
"2023-11-08 03:29:58",eArL694412,c71cb1e2-57fd-47b8-9732-ff121ffb4e62,Recharge,Extraction,"Ranked Arena",CrossPlay,Open,925,,Win,54.64,3312,4126,183,100,83,0.77,-0.66,10,13,7,0,0,13,10,2200,0,5,559
"2023-11-08 03:40:36",eArL694412,51609da4-f03f-4204-873e-29dda71afe9b,Recharge,Slayer,"Ranked Arena",CrossPlay,Open,934,,Win,49.53,3659,3467,212,105,107,0.50,-2.66,6,12,10,0,0,11,10,1100,0,2,454
"2023-11-08 03:49:23",eArL694412,f580c05f-82ae-4294-9727-8712c045503b,Solitude,Slayer,"Ranked Arena",CrossPlay,Open,942,,Win,42.61,3930,3985,230,98,132,0.82,0.00,9,11,6,0,0,12,12,1200,0,4,547
"2023-11-08 03:59:52",eArL694412,4d9ca269-48c6-45b2-85e5-871ad498c6d5,Argyle,"CTF 3 Captures","Ranked Arena",CrossPlay,Open,951,,Win,53.18,6165,5044,299,159,140,1.67,10.00,20,12,6,0,0,16,16,2970,0,6,766
"2023-11-08 04:13:08",eArL694412,cf465e3e-97fe-4f1e-98f5-a9c650af8914,Recharge,Strongholds,"Ranked Arena",CrossPlay,Open,960,,Win,48.12,3343,2416,160,77,83,1.83,6.66,11,6,5,0,0,9,8,1700,0,3,390
"2023-11-08 04:21:11",eArL694412,278409be-e09e-4f3d-88e8-d6057537e459,Streets,Slayer,"Ranked Arena",CrossPlay,Open,969,,Win,46.79,4280,3966,218,102,116,1.22,4.00,11,9,6,0,0,12,12,1410,0,3,537
"2023-11-08 04:31:17",eArL694412,34ee7860-bc7f-4cc9-b54b-36ead319b2e0,Streets,Oddball,"Ranked Arena",CrossPlay,Open,978,,Win,49.84,6592,7351,317,158,159,1.10,7.66,22,20,17,0,0,23,24,4175,0,6,962
"2023-11-08 04:48:30",eArL694412,44e45b3d-2a0c-47e2-92fc-f0706244f9b8,Solitude,"King of the Hill","Ranked Arena",CrossPlay,Open,987,,Left,43.06,1556,2109,72,31,41,0.38,-4.00,3,8,3,0,0,6,7,500,0,1,263
"2023-11-08 04:53:42",eArL694412,4039af93-1f9c-4bc7-8657-6f30b68aabad,Empyrean,"CTF 3 Captures","Ranked Arena",CrossPlay,Open,978,,Loss,50.27,3281,3607,185,93,92,0.73,-1.33,8,11,5,0,0,10,11,1175,0,1,523
"2023-11-08 05:04:17",eArL694412,6498b1d1-3742-4a67-914c-4c78a54dcc21,Recharge,"King of the Hill","Ranked Arena",CrossPlay,Open,970,,Loss,54.92,7204,5831,264,145,119,1.19,8.33,19,16,16,0,0,20,21,3600,0,8,789
"2023-11-08 05:23:07",eArL694412,ac7d154f-5da8-4c0b-897e-54732afcd68f,Aquarius,Slayer,"Ranked Arena",CrossPlay,Open,962,,Win,50.8,4321,3430,187,95,92,0.80,0.66,8,10,8,0,0,11,11,1210,0,3,502
"2023-11-08 05:32:39",eArL694412,0c55471d-c519-4ff2-a0ef-079cae33cd7d,Empyrean,"CTF 3 Captures","Ranked Arena",CrossPlay,Open,970,,Win,40.91,2239,2294,110,45,65,0.78,0.33,7,9,7,0,0,7,6,1460,0,4,406
"2023-11-08 05:41:56",eArL694412,06b2041d-a22e-4608-9296-094955e5061f,Recharge,"King of the Hill","Ranked Arena",CrossPlay,Open,975,,Win,55.26,6729,6192,304,168,136,0.85,1.66,17,20,14,0,0,19,20,2500,0,9,766
"2023-11-08 05:57:41",eArL694412,35ce21a5-ad65-4263-8a48-5025a8c24945,"Live Fire",Oddball,"Ranked Arena",CrossPlay,Open,982,,Loss,48.92,4547,4090,186,91,95,0.69,-0.33,9,13,11,0,0,11,13,1510,0,5,506
"2023-11-08 06:08:35",eArL694412,d3a4b85c-5b8f-45cb-9a25-1164395e50fb,"Live Fire",Extraction,"Ranked Arena",CrossPlay,Open,974,,Left,50.55,1939,1598,91,46,45,1.20,1.66,6,5,2,0,0,4,6,700,0,0,238
"2023-11-08 06:13:38",eArL694412,1a46e173-7c65-4f89-b2e1-9c42485d35f2,Recharge,"King of the Hill","Ranked Arena",CrossPlay,Open,0,,Win,25,480,807,16,4,12,1.50,1.33,3,2,1,0,0,,,350,0,0,248
"2023-11-08 06:18:54",eArL694412,b38fbc7b-3609-492f-95dd-5c4f1e5f1647,"Live Fire","King of the Hill","Ranked Arena",CrossPlay,Open,969,,Win,80.56,1133,875,36,29,7,1.00,1.00,2,2,3,0,0,6,3,500,0,1,270
"2023-11-08 06:24:15",eArL694412,66258920-ae68-4be0-aa14-b68da02a7dd7,Recharge,Extraction,"Ranked Arena",CrossPlay,Open,974,,Loss,54.41,5252,4390,204,111,93,0.81,-1.33,13,16,5,0,0,13,14,1950,0,6,584
"2023-11-08 06:36:18",eArL694412,e0742e69-7706-4dd8-8117-77da095d4c04,Solitude,Slayer,"Ranked Arena",CrossPlay,Open,966,,Loss,46.95,3650,3194,164,77,87,0.89,1.66,8,9,8,0,0,10,12,1210,0,2,505
"2023-11-09 00:30:34",eArL694412,07148e1d-751c-4b6b-8100-39d2ec2175eb,Recharge,Slayer,"Ranked Arena",CrossPlay,Open,958,,Win,46.46,5299,4945,297,138,159,1.33,6.33,12,9,10,0,0,16,16,1700,0,6,704
"2023-11-09 00:43:11",eArL694412,c644df9e-288b-4fa5-8564-b33ba5e4e498,Solitude,Slayer,"Ranked Arena",CrossPlay,Open,967,,Win,51.61,4258,3675,186,96,90,0.69,0.00,9,13,12,0,0,10,11,1510,0,4,485
"2023-11-09 00:53:49",eArL694412,30444356-4432-4bc7-aee3-a6767bbddf53,Solitude,Strongholds,"Ranked Arena",CrossPlay,Open,975,,Win,48.91,6487,5209,321,157,164,1.73,14.00,26,15,9,0,0,17,17,3650,0,13,732
"2023-11-09 01:08:08",eArL694412,3c655296-fc9a-4f18-ac6e-669e6f16fb02,Recharge,Extraction,"Ranked Arena",CrossPlay,Open,984,,Loss,45.17,4931,4852,259,117,142,0.93,3.66,14,15,14,0,0,17,18,2825,0,5,763
"2023-11-09 01:21:58",eArL694412,a25738f1-8d9a-4598-a4ec-2f34fa7f590e,Recharge,Slayer,"Ranked Arena",CrossPlay,Open,976,,Win,47.64,3677,3229,233,111,122,1.43,5.00,10,7,6,0,0,11,11,1310,0,2,506
"2023-11-09 01:31:14",eArL694412,800ea4da-5a17-4891-b6a2-4e6a7b695962,Aquarius,Slayer,"Ranked Arena",CrossPlay,Open,984,,Win,56.32,2187,1440,87,49,38,1.75,5.00,7,4,6,0,0,7,5,1010,0,2,275
"2023-11-09 01:39:33",eArL694412,5de8d072-22a2-40de-b598-39a5fc58dd33,Solitude,Strongholds,"Ranked Arena",CrossPlay,Open,994,,Win,44.89,3189,2901,176,79,97,1.57,5.33,11,7,4,0,0,10,10,1700,0,2,428
"2023-11-09 01:48:13",eArL694412,782a066b-686e-4e23-868c-09276ff304e1,Streets,Extraction,"Ranked Arena",CrossPlay,Open,1002,,Loss,36.8,4840,3928,413,152,261,1.18,5.00,13,11,9,0,0,13,13,2150,0,4,571
"2023-11-09 01:59:23",eArL694412,f0062f5a-d37e-4d60-9ea2-e65df26e2f3a,"Live Fire",Oddball,"Ranked Arena",CrossPlay,Open,994,,Win,56.7,5296,4645,224,127,97,1.07,5.66,16,15,14,0,0,17,18,2505,0,8,735
"2023-11-09 02:12:54",eArL694412,489b38dd-6e57-4ccc-983b-862559cc49db,Solitude,Strongholds,"Ranked Arena",CrossPlay,Open,1002,,Loss,53.52,6619,5109,327,175,152,1.38,9.33,22,16,10,0,0,16,18,3350,0,7,764
"2023-11-09 02:27:01",eArL694412,85e27762-bad3-4ef6-af92-c3d7285734a1,Streets,Extraction,"Ranked Arena",CrossPlay,Open,994,,Win,51.48,3376,1844,169,87,82,3.00,10.00,12,4,6,0,0,10,10,2410,0,3,417
"2023-11-09 02:35:20",eArL694412,921b071f-976e-475d-8220-e6168752be9a,Solitude,Strongholds,"Ranked Arena",CrossPlay,Open,1003,,Loss,50.16,7108,6295,317,159,158,1.10,8.00,22,20,18,0,0,17,18,3675,0,11,774
"2023-11-09 02:49:24",eArL694412,aabe8b19-8a8c-4b12-a8a0-31c4c5942ee6,Recharge,Strongholds,"Ranked Arena",CrossPlay,Open,995,,Loss,47.44,4481,4279,215,102,113,0.93,2.33,13,14,10,0,0,12,13,1950,0,5,548
"2023-11-09 04:11:01",eArL694412,613ee15d-6cf1-4e13-99e2-60411a54e315,Prism,"Team Slayer","Team Slayer",CrossPlay,Open,0,,Win,62.75,2600,2162,247,155,92,1.50,3.66,9,6,2,0,0,7,6,1000,0,4,498
"2023-11-09 04:21:24",eArL694412,68798920-0aca-48a5-8775-f288068cf26e,"Live Fire","King of the Hill","Ranked Arena",CrossPlay,Open,987,,Win,50.49,4166,4758,206,104,102,1.13,4.66,17,15,8,0,0,15,15,2450,0,3,579
"2023-11-09 04:32:24",eArL694412,af338ba8-c27d-4d9b-857b-35dfe6a61bf8,Streets,Extraction,"Ranked Arena",CrossPlay,Open,995,,Left,53.37,4051,3598,178,95,83,0.92,1.66,11,12,8,0,0,9,12,1900,0,9,482
"2023-11-09 04:40:57",eArL694412,3be1ebdd-497a-45e0-a99c-8cd0b369eea9,"Live Fire",Slayer,"Ranked Arena",CrossPlay,Open,986,,Win,51.11,4373,3439,180,92,88,1.10,4.00,11,10,9,0,0,11,11,1550,0,4,506
"2023-11-09 04:50:31",eArL694412,86d76185-e600-4899-aef5-98f19772374e,Streets,Extraction,"Ranked Arena",CrossPlay,Open,994,,Loss,56.59,4665,4366,182,103,79,1.07,2.33,16,15,4,0,0,11,13,2200,0,8,535
"2023-11-09 05:01:18",eArL694412,af2eb812-d693-4cec-90c6-a8907306163f,Forbidden,"CTF 3 Captures","Ranked Arena",CrossPlay,Open,986,,Win,53.85,3968,3308,195,105,90,1.56,6.66,14,9,5,0,0,11,11,2050,0,4,553
"2023-11-09 05:12:34",eArL694412,ce1810de-ea95-4d7c-aef7-13a93c5a4a49,Recharge,"King of the Hill","Ranked Arena",CrossPlay,Open,994,,Win,54.59,5283,3759,218,119,99,1.50,8.00,15,10,9,0,0,15,14,2450,0,4,550
"2023-11-09 05:28:21",eArL694412,6bcb1581-04e4-415d-a15d-155af6cb2574,Streets,Oddball,"Ranked Arena",CrossPlay,Open,1002,,Loss,54.83,5657,5051,259,142,117,1.00,3.33,18,18,10,0,0,16,18,2420,0,7,728
"2023-11-09 05:44:00",eArL694412,3938e327-8517-4ff5-a188-b12570159b06,Solitude,"King of the Hill","Ranked Arena",CrossPlay,Open,994,,Loss,48.68,7384,5819,304,148,156,1.56,14.66,28,18,14,0,0,20,21,3600,0,16,789
"2023-11-09 06:05:02",eArL694412,9bc0b1db-aedb-4ea4-a2d7-15218c2db472,Recharge,Oddball,"Ranked Arena",CrossPlay,Open,987,,Win,45.92,6721,6624,294,135,159,1.00,4.00,17,17,12,0,0,21,20,2615,0,9,898
"2023-11-09 06:22:35",eArL694412,78c002f7-a9bb-4109-a980-933583cf43b3,Aquarius,Slayer,"Ranked Arena",CrossPlay,Open,994,,Loss,54.12,4353,3681,170,92,78,0.69,-2.66,9,13,4,0,0,9,11,1100,0,5,464
"2023-11-09 06:34:56",eArL694412,1ed52ddb-927b-4804-ae59-89d5b02c05ec,Recharge,"King of the Hill","Ranked Arena",CrossPlay,Open,986,,Win,50.55,8335,7880,362,183,179,1.41,12.00,31,22,9,0,0,25,23,4025,0,14,920
"2023-11-09 06:51:28",eArL694412,f2f9874d-dfbf-410b-88ea-1b8154910dde,"Live Fire","King of the Hill","Ranked Arena",CrossPlay,Open,994,,Loss,51.22,2821,3218,123,63,60,0.46,-6.33,6,13,2,0,0,10,10,750,0,3,392
"2023-11-09 06:59:15",eArL694412,4850d1a1-36e9-4f06-bc5a-8eb52c556771,Aquarius,"CTF 5 Captures","Ranked Arena",CrossPlay,Open,985,,Left,50.39,5650,4830,258,130,128,1.00,3.00,17,17,9,0,0,12,16,2325,0,5,755
"2023-11-09 07:20:51",eArL694412,ecf11533-36ee-46ff-87d4-7f01dff6cf73,"Live Fire",Strongholds,"Ranked Arena",CrossPlay,Open,977,,Left,54.17,2466,2251,96,52,44,0.71,-1.00,5,7,3,0,0,4,8,875,0,1,434
"2023-11-09 07:27:45",eArL694412,13ae4411-1b12-4827-8a1f-9e57b436965e,Solitude,Slayer,"Ranked Arena",CrossPlay,Open,970,,Win,51.6,4288,3410,188,97,91,1.20,4.00,12,10,6,0,0,12,12,1500,0,4,530
"2023-11-09 07:41:43",eArL694412,ec3fd265-b167-4226-9ecc-58558a86144d,Aquarius,"CTF 5 Captures","Ranked Arena",CrossPlay,Open,978,,Loss,47.2,6251,5459,286,135,151,1.25,6.66,20,16,8,0,0,15,17,3045,0,8,760
"2023-11-10 04:14:17",eArL694412,5c5335f1-1153-4f2a-91be-f1589d44a71f,Empyrean,"CTF 3 Captures","Ranked Arena",CrossPlay,Open,971,,Loss,55.04,6176,6038,238,131,107,1.11,4.33,20,18,7,0,0,14,16,2685,0,4,744
"2023-11-10 04:29:48",eArL694412,4445fbc0-b6c4-4725-be58-c5bf406de912,Recharge,Extraction,"Ranked Arena",CrossPlay,Open,964,,Loss,59.09,5166,3223,198,117,81,1.20,5.33,12,10,10,0,0,12,12,2185,0,8,526
"2023-11-10 04:39:31",eArL694412,8a8d4e28-583c-4777-962f-8a7433dcc3d9,Streets,Extraction,"Ranked Arena",CrossPlay,Open,957,,Win,57.52,6190,3552,226,130,96,2.40,17.66,24,10,11,0,0,14,13,3935,0,12,577
"2023-11-10 04:50:42",eArL694412,d2728886-a332-43fc-af60-09172fbd896d,Solitude,Slayer,"Ranked Arena",CrossPlay,Open,967,,Loss,54.42,5707,3786,226,123,103,1.27,5.66,14,11,8,0,0,12,12,1800,0,5,549
"2023-11-12 02:00:58",eArL694412,1c1eddb0-c09d-4615-8995-b5daeed22317,Streets,Slayer,"Ranked Arena",CrossPlay,Open,960,,Left,66.67,140,231,6,4,2,0.00,-1.00,0,1,0,0,0,0,3,0,0,0,304
"2023-11-12 02:04:06",eArL694412,a20bfe58-4c44-4d86-a004-3450dfd48d27,"Live Fire","King of the Hill","Ranked Arena",CrossPlay,Open,955,,Win,53.63,4380,4291,179,96,83,0.87,-1.00,13,15,3,0,0,16,14,1950,0,4,565
"2023-11-12 02:14:21",eArL694412,8b5c7461-828e-4136-a591-8e80e9b35790,Streets,Oddball,"Ranked Arena",CrossPlay,Open,964,,Win,50.85,9450,7263,413,210,203,1.53,18.00,29,19,24,0,0,25,25,4805,0,11,1033
"2023-11-13 01:16:17",eArL694412,cb531dc1-229e-403a-8ac0-ff342ca7d026,Solitude,Strongholds,"Ranked Arena",CrossPlay,Open,973,,Loss,54.72,6770,6114,307,168,139,0.94,4.66,15,16,17,0,0,19,19,2950,0,5,828
"2023-11-13 01:31:24",eArL694412,a2901620-e457-4fd3-b11d-cd10e318c6d4,Streets,Extraction,"Ranked Arena",CrossPlay,Open,965,,Left,66.67,364,511,15,10,5,0.00,-1.66,0,2,1,0,0,0,3,50,0,0,271
"2023-11-13 01:33:56",eArL694412,c612a712-51b5-4632-a7a2-c7c6cd0610fe,Streets,Slayer,"Ranked Arena",CrossPlay,Open,960,,Win,55.83,5871,3233,240,134,106,1.75,9.66,14,8,11,0,0,12,12,1990,0,7,526
"2023-11-13 02:29:59",eArL694412,d7f82d46-dfac-46e0-be2c-5a56fbdcf4da,Argyle,"CTF 3 Captures","Ranked Arena",CrossPlay,Open,969,,Loss,58.74,3961,2309,143,84,59,1.43,3.33,10,7,1,1,0,8,9,950,0,5,427
"2023-11-13 02:38:25",eArL694412,0d7e7407-432d-4c3d-b52e-45bed4162e0b,Aquarius,"CTF 5 Captures","Ranked Arena",CrossPlay,Open,962,,Loss,56.56,7522,4726,320,181,139,2.08,14.66,25,12,5,0,0,16,17,2835,0,9,754
"2023-11-16 03:35:56",eArL694412,f7c405ce-3b99-4768-b714-e1629c90da4c,Argyle,"CTF 3 Captures","Ranked Arena",CrossPlay,Open,956,,Loss,42.25,4563,4583,258,109,149,0.80,-1.66,12,15,4,0,0,15,16,1475,0,4,762
"2023-11-16 03:53:05",eArL694412,9d538c3b-3cc6-427a-afd2-53d6f3e325d5,Empyrean,"CTF 3 Captures","Ranked Arena",CrossPlay,Open,949,,Loss,44.34,6258,5207,327,145,182,2.17,16.66,26,12,8,0,0,16,16,3070,0,9,772
"2023-11-16 04:07:58",eArL694412,57a82c77-e3dd-4fc4-b478-bbec9f9f9c84,Recharge,Extraction,"Ranked Arena",CrossPlay,Open,943,,Win,45.98,5275,4589,261,120,141,1.46,9.33,19,13,10,0,0,16,14,3285,0,9,647
"2023-11-16 04:21:03",eArL694412,746329b6-385a-4317-946f-2cc796d22211,Solitude,Slayer,"Ranked Arena",CrossPlay,Open,953,,Loss,54.3,3606,3575,151,82,69,0.75,-2.00,9,12,3,0,0,10,11,1060,0,3,477
"2023-11-16 04:31:19",eArL694412,c1b3864a-334f-4bfa-8949-1db24259cdca,Recharge,"King of the Hill","Ranked Arena",CrossPlay,Open,946,,Win,53.01,7549,6197,349,185,164,1.12,5.00,19,17,9,0,0,21,19,2600,0,6,763
"2023-11-16 04:45:53",eArL694412,962bf51e-de36-405c-b5ec-f61c62b414b4,Argyle,"CTF 3 Captures","Ranked Arena",CrossPlay,Open,955,,Loss,51.36,6453,5472,294,151,143,1.13,6.33,17,15,13,0,0,15,16,2650,0,11,754
"2023-11-16 05:00:19",eArL694412,cbffc9d7-5272-45cb-9819-103cbf6d7699,"Live Fire",Strongholds,"Ranked Arena",CrossPlay,Open,948,,Win,45.85,4284,4909,253,116,137,1.60,6.66,16,10,2,0,0,15,14,2200,0,6,631
"2023-11-16 05:13:01",eArL694412,5597cf72-e3e7-4496-b835-72ce9dea1b47,Aquarius,"CTF 5 Captures","Ranked Arena",CrossPlay,Open,958,,Loss,50.55,6160,5630,273,138,135,0.83,0.00,15,18,9,0,0,15,17,2285,0,12,753
"2023-11-18 21:06:49",eArL694412,6c224c5d-65d5-4302-9d38-278627f88eda,Chasm,"Team Slayer","Team Slayer",CrossPlay,Open,0,,Left,50.6,718,727,83,42,41,0.00,-1.66,0,2,1,0,0,0,2,60,0,0,609
"2023-11-18 21:11:36",eArL694412,ea9cedf3-7569-49de-a50a-0d6c6fdf869e,Streets,Extraction,"Ranked Arena",CrossPlay,Open,951,,Left,40,645,1179,45,18,27,0.00,-5.00,0,5,0,0,0,0,4,0,0,0,187
"2023-11-18 21:15:50",eArL694412,7e9a0e55-a51f-430f-8224-9087e0e9b5b9,Solitude,Slayer,"Ranked Arena",CrossPlay,Open,946,,Loss,43.72,3862,4695,215,94,121,1.10,1.66,11,10,2,0,0,14,14,1200,0,6,614
"2023-11-18 21:23:57",eArL694412,9985e492-fb21-470a-8c0b-86061ac4ed07,Aquarius,Slayer,"Ranked Arena",CrossPlay,Open,939,,Loss,52.66,4566,4072,207,109,98,1.17,3.33,14,12,4,0,0,11,12,1610,0,3,502
"2023-11-18 21:37:07",eArL694412,46f26a6a-9f95-4654-9f9b-bd90e5c68603,Recharge,Extraction,"Ranked Arena",CrossPlay,Open,933,,Win,48.41,3555,2187,157,76,81,2.00,7.33,10,5,7,0,0,11,9,2300,0,6,416
"2023-11-18 21:45:42",eArL694412,0f084596-afb2-4063-af4c-e1b94fdd60b4,Solitude,Slayer,"Ranked Arena",CrossPlay,Open,943,,Win,47.6,4405,3566,208,99,109,2.33,12.00,14,6,12,0,0,12,12,2020,0,7,610
"2023-11-18 21:58:58",eArL694412,4e671ec1-e5f9-4cc8-8bc9-e67cb73ff95a,Recharge,"King of the Hill","Ranked Arena",CrossPlay,Open,953,,Win,46.53,6203,6407,303,141,162,0.74,0.66,14,19,17,0,0,21,19,2860,0,6,754
"2023-11-18 22:13:43",eArL694412,2a75fb59-7de5-4ba3-83f3-d3b44d979f7f,Empyrean,"CTF 3 Captures","Ranked Arena",CrossPlay,Open,961,,Loss,49.75,4628,3076,197,98,99,1.27,5.00,14,11,6,0,0,11,12,1910,0,3,547
"2023-11-18 22:23:35",eArL694412,9d6139a3-ead7-4f2e-98ae-601668252eeb,Recharge,"King of the Hill","Ranked Arena",CrossPlay,Open,954,,Loss,51.85,9535,6998,432,224,208,1.37,13.00,26,19,18,0,0,23,23,3700,0,11,889
"2023-11-18 22:43:47",eArL694412,81b60668-f05c-40df-95dd-f9763b7fe181,Solitude,Strongholds,"Ranked Arena",CrossPlay,Open,948,,Left,50,1547,1795,80,40,40,0.83,-0.33,5,6,2,0,0,6,8,850,0,0,367
"2023-11-18 22:50:59",eArL694412,f233f02d-4878-404b-9e38-1dd402314587,Solitude,Slayer,"Ranked Arena",CrossPlay,Open,941,,Left,50.64,4892,4730,233,118,115,0.40,-7.33,6,15,5,0,0,9,14,860,0,3,549
"2023-11-21 03:15:18",eArL694412,bb283040-742e-4942-93ab-be623ed38233,Aquarius,Slayer,"Ranked Arena",CrossPlay,Open,936,,Win,50.75,3985,3134,201,102,99,1.50,5.66,9,6,8,0,0,11,9,1300,0,3,547
"2023-11-21 03:25:42",eArL694412,8f6cb593-38d9-48a6-a2e8-9a4587871768,Streets,Oddball,"Ranked Arena",CrossPlay,Open,941,,Loss,52.73,6540,5104,275,145,130,1.19,4.66,19,16,5,0,0,14,16,2260,0,12,632
"2023-11-21 03:37:50",eArL694412,4c948d13-6547-49fb-92fe-8ee2a6f1aae8,Recharge,Oddball,"Ranked Arena",CrossPlay,Open,935,,Left,0,0,0,0,0,0,0.00,0.00,0,0,0,0,0,0,0,0,0,0,75
"2023-11-21 03:39:36",eArL694412,7caecbe6-c2cd-47af-b863-1c53d79e821f,"Live Fire",Oddball,"Ranked Arena",CrossPlay,Open,930,,Win,53.75,5740,3644,240,129,111,1.40,7.33,14,10,10,0,0,14,13,2045,0,5,557
"2023-11-21 03:52:03",eArL694412,91bf8454-b513-41ae-9beb-14a2a98513eb,Forbidden,"CTF 3 Captures","Ranked Arena",CrossPlay,Open,940,,Win,54.79,4117,2032,188,103,85,1.40,2.66,7,5,2,0,0,11,9,835,0,1,503
"2023-11-21 04:01:47",eArL694412,627a4d0d-4fcb-4b2a-b19c-8a8635dd847f,"Live Fire",Oddball,"Ranked Arena",CrossPlay,Open,949,,Left,55.68,4350,3776,185,103,82,0.79,-1.00,11,14,6,0,0,11,13,1425,0,7,535
"2023-11-21 04:12:26",eArL694412,12eaef87-2c99-46e1-ad19-26f2629a5da7,Streets,Extraction,"Ranked Arena",CrossPlay,Open,941,,Win,59.45,5048,3936,254,151,103,1.67,9.66,15,9,11,0,0,13,12,2900,0,7,524
"2023-11-21 04:22:25",eArL694412,4a5d6178-0ca3-4fb3-8b84-258897886da1,Forbidden,"CTF 3 Captures","Ranked Arena",CrossPlay,Open,950,,Win,48.59,6427,4457,319,155,164,2.57,11.66,18,7,2,0,0,12,13,1900,0,7,626
"2023-11-21 04:35:49",eArL694412,17feb0f2-8154-46f8-83c4-208373eaba63,Recharge,Slayer,"Ranked Arena",CrossPlay,Open,960,,Loss,37.5,3019,4365,216,81,135,0.33,-6.33,4,12,5,0,0,12,13,650,0,0,581
"2023-11-21 04:52:18",eArL694412,2b25472d-ba45-4706-969f-8c6d006d6f97,Empyrean,"CTF 3 Captures","Ranked Arena",CrossPlay,Open,952,,Win,51.42,6064,5121,317,163,154,0.71,-1.66,12,17,10,0,0,15,15,1750,0,7,724
"2023-11-21 05:05:39",eArL694412,51e77ebf-c7eb-407a-92e5-2416458d9669,Recharge,Slayer,"Ranked Arena",CrossPlay,Open,961,,Loss,47.06,3812,3390,204,96,108,0.64,-2.00,7,11,6,0,0,10,12,1020,0,2,499
"2023-11-21 05:16:56",eArL694412,96d04cf8-8943-4e1e-8250-6b3f108cf46f,Streets,Oddball,"Ranked Arena",CrossPlay,Open,953,,Win,50.6,7287,5759,332,168,164,1.40,10.66,21,15,14,0,0,20,19,2870,0,8,794
"2023-11-21 05:31:52",eArL694412,f61df983-88c4-4ed9-ad7b-30127420e098,Forbidden,"CTF 3 Captures","Ranked Arena",CrossPlay,Open,962,,Left,59.26,1171,671,27,16,11,1.50,2.33,3,2,4,0,0,3,4,500,0,2,336
"2023-11-22 04:14:38",eArL694412,701c4458-665a-43a9-88b7-197b863dc433,Recharge,Strongholds,"Ranked Arena",CrossPlay,Open,947,,Loss,44.49,4965,5017,227,101,126,0.94,0.33,15,16,4,0,0,14,15,2050,0,4,651
"2023-11-22 04:27:27",eArL694412,b7755b93-447f-47ba-acb7-7adbf5fcdce5,Aquarius,"CTF 5 Captures","Ranked Arena",CrossPlay,Open,940,,Win,47.52,8465,7482,423,201,222,0.91,2.00,21,23,12,0,0,20,21,2975,0,6,940
"2023-11-22 04:45:24",eArL694412,0e6e4734-a877-428b-8ff5-4a482b479542,Streets,Extraction,"Ranked Arena",CrossPlay,Open,949,,Win,54.12,3951,3206,170,92,78,1.25,4.33,10,8,7,0,0,10,9,2150,0,7,396
"2023-11-22 04:55:54",eArL694412,7fb62bd6-ec3e-4922-bccc-fd453035c692,"Live Fire","King of the Hill","Ranked Arena",CrossPlay,Open,958,,Win,55.1,3370,2655,147,81,66,1.25,4.00,10,8,6,0,0,12,10,1550,0,3,407
"2023-11-22 05:03:50",eArL694412,0404b7ad-45b6-4504-a2d7-606d42e144fe,Aquarius,Slayer,"Ranked Arena",CrossPlay,Open,966,,Win,45.81,4238,4294,227,104,123,1.33,5.66,12,9,8,0,0,11,11,1610,0,3,496
"2023-11-22 05:13:32",eArL694412,acbc4685-7580-493e-84e8-f390caad81be,Streets,Extraction,"Ranked Arena",CrossPlay,Open,975,,Loss,50.26,9316,6966,392,197,195,1.36,13.66,30,22,17,0,0,21,21,4575,0,23,913
"2023-11-22 05:31:28",eArL694412,a5ef8f91-b033-4905-8736-27384229ace5,"Live Fire",Slayer,"Ranked Arena",CrossPlay,Open,968,,Loss,53.63,5682,4574,248,133,115,0.71,-3.00,12,17,6,0,0,13,16,1510,0,7,655
"2023-11-22 05:43:13",eArL694412,7345ff87-44c3-4b9f-b8be-f4f1095b1fc3,"Live Fire",Extraction,"Ranked Arena",CrossPlay,Open,961,,Left,50.93,2237,2550,108,55,53,0.38,-4.33,3,8,2,0,0,6,8,450,0,1,328
"2023-11-24 01:37:12",eArL694412,8ec53d6c-4e9f-471a-a8b9-3adc0354ce0b,"Live Fire",Oddball,"Ranked Arena",CrossPlay,Open,953,,Loss,49.47,6435,5051,285,141,144,1.20,7.00,18,15,12,0,0,17,17,2570,0,6,697
"2023-11-24 01:51:29",eArL694412,d88e83f7-4e09-47de-a41f-b7ed0f2df949,Solitude,Strongholds,"Ranked Arena",CrossPlay,Open,946,,Loss,53.17,6479,6155,284,151,133,1.00,3.00,18,18,9,0,0,17,18,2925,0,5,764
"2023-11-24 02:05:29",eArL694412,d8e49ede-5300-4942-af2f-ccad343a9316,Aquarius,"CTF 5 Captures","Ranked Arena",CrossPlay,Open,939,,Left,47.81,5209,4167,251,120,131,0.91,1.00,10,11,6,0,0,11,17,1845,0,6,688
"2023-11-24 02:19:04",eArL694412,d9ac6e64-5409-45ae-9d87-d59c057b1d44,Solitude,Slayer,"Ranked Arena",CrossPlay,Open,933,,Left,68.42,589,296,19,13,6,2.00,1.00,2,1,0,0,0,1,2,200,0,1,84
"2023-11-24 02:24:50",eArL694412,12da6832-03c6-4fd6-a45b-f39e3f131072,"Live Fire",Slayer,"Ranked Arena",CrossPlay,Open,928,,Left,64.29,1576,1637,56,36,20,0.57,-2.00,4,7,3,0,0,2,6,550,0,1,354
"2023-11-24 02:29:00",eArL694412,456eb97a-5aee-4151-b070-b77d1c791d36,Streets,Slayer,"Ranked Arena",CrossPlay,Open,923,,Win,38.65,2846,3705,251,97,154,0.67,-1.33,8,12,8,0,0,11,11,1200,0,2,500
"2023-11-24 02:40:13",eArL694412,25f2819f-1712-4b11-83d3-a71f7f10d7ea,Forbidden,"CTF 3 Captures","Ranked Arena",CrossPlay,Open,932,,Win,55.45,4240,3690,202,112,90,1.30,5.00,13,10,6,0,0,13,12,1995,0,4,599
"2023-11-24 02:54:01",eArL694412,21ebd523-0d0b-4ea5-9c44-9b0e21eea79b,Empyrean,"CTF 3 Captures","Ranked Arena",CrossPlay,Open,941,,Loss,47.92,6067,5337,288,138,150,1.27,5.66,14,11,8,0,0,16,16,1825,0,6,773
"2023-11-24 03:07:32",eArL694412,142cf90d-f69b-4a83-982f-542fc130f0ea,"Live Fire",Strongholds,"Ranked Arena",CrossPlay,Open,934,,Win,53.28,5435,4115,244,130,114,1.45,7.66,16,11,8,0,0,15,15,2575,0,5,642
"2023-11-24 03:20:33",eArL694412,d54b2594-64e4-4bf2-9d7f-6151fd2c311b,Recharge,Oddball,"Ranked Arena",CrossPlay,Open,944,,Win,47.17,4031,3621,212,100,112,0.89,1.33,8,9,7,0,0,13,12,1190,0,4,514
"2023-11-24 03:30:50",eArL694412,fbad358c-b4c1-47b5-8c3b-09add6281868,Streets,Extraction,"Ranked Arena",CrossPlay,Open,953,,Loss,57.32,3316,3298,157,90,67,1.18,2.66,13,11,2,0,0,10,11,1725,0,5,459
"2023-11-24 03:39:46",eArL694412,85820faf-57de-4f9b-9f9e-47cc88132a25,Solitude,Slayer,"Ranked Arena",CrossPlay,Open,946,,Loss,44.5,4185,3901,218,97,121,1.22,3.00,11,9,3,0,0,12,13,1250,0,3,552
"2023-11-24 03:50:37",eArL694412,507ee162-d87c-4188-9e61-24af70466727,Solitude,Strongholds,"Ranked Arena",CrossPlay,Open,939,,Win,53,6751,5455,300,159,141,1.19,8.66,19,16,17,0,0,18,17,3300,0,6,758
"2023-11-24 04:04:39",eArL694412,16acb716-1ce5-4769-8895-150e3a47ff36,"Live Fire",Slayer,"Ranked Arena",CrossPlay,Open,948,,Win,53.42,4152,2722,161,86,75,3.00,12.33,15,5,7,0,0,13,9,1850,0,11,652
"2023-11-24 04:17:19",eArL694412,8fe9147c-0ad9-409a-b76d-16e885f7ec03,Solitude,Strongholds,"Ranked Arena",CrossPlay,Open,958,,Loss,54.64,6804,7203,291,159,132,0.78,-0.66,18,23,13,0,0,19,20,3100,0,6,856
"2023-11-24 04:32:57",eArL694412,2f8571f5-df06-4b22-abd8-2734e5977d84,Recharge,Extraction,"Ranked Arena",CrossPlay,Open,951,,Loss,46.71,5775,4649,319,149,170,1.15,6.33,15,13,13,0,0,16,17,2860,0,8,724
"2023-11-24 04:46:04",eArL694412,704ad04a-10a3-4ffd-87a9-7b606b96b446,Aquarius,"CTF 5 Captures","Ranked Arena",CrossPlay,Open,944,,Win,53.23,5538,5201,248,132,116,1.19,5.00,19,16,6,0,0,17,16,2275,0,3,752
"2023-11-24 05:00:01",eArL694412,f88cb318-e1af-4c0b-bca4-5cefe0887ef4,Solitude,Strongholds,"Ranked Arena",CrossPlay,Open,953,,Loss,52.82,6425,6300,301,159,142,1.26,7.00,24,19,6,0,0,18,19,3175,0,6,815
"2023-11-24 05:15:13",eArL694412,ce26bd07-f356-4c17-b0ca-02ba316d43a1,"Live Fire",Strongholds,"Ranked Arena",CrossPlay,Open,947,,Win,53.66,8034,5929,328,176,152,2.27,15.33,25,11,4,0,0,20,17,3375,0,13,781
"2023-11-25 21:50:59",eArL694412,6056174d-3fa0-420e-b240-da3100011599,"Live Fire",Extraction,"Ranked Arena",CrossPlay,Open,957,,Loss,71.11,4074,3776,135,96,39,1.08,2.33,14,13,4,0,0,10,11,1950,0,10,475
"2023-11-25 22:00:16",eArL694412,0b4ea306-c7c2-46a1-9ba9-3fd826066959,Forbidden,"CTF 3 Captures","Ranked Arena",CrossPlay,Open,950,,Win,62.44,5027,5202,205,128,77,1.00,2.33,14,14,7,0,1,16,15,1830,0,5,757
"2023-11-25 22:15:25",eArL694412,66cebbd3-9e7a-406e-8760-67438b2a7217,Empyrean,"CTF 3 Captures","Ranked Arena",CrossPlay,Open,959,,Loss,45.92,5488,6089,294,135,159,0.42,-8.00,8,19,9,0,0,16,16,1445,0,3,778
"2023-11-25 22:30:19",eArL694412,b5f16d75-8f85-4eb6-ab1c-286b6291cb8f,"Live Fire",Strongholds,"Ranked Arena",CrossPlay,Open,952,,Win,54.82,4204,3382,166,91,75,1.44,5.66,13,9,5,0,0,11,11,1900,0,8,495
"2023-11-26 01:45:04",eArL694412,dd5cc123-5278-44a4-bb74-196aa0013c2f,Streets,Extraction,"Ranked Arena",CrossPlay,Open,961,,Win,24.39,347,276,41,10,31,0.00,1.00,0,0,3,0,0,0,0,950,0,4,273
"2023-11-26 01:50:40",eArL694412,a5422d94-1f0b-4971-b1b3-6d58cf4d2f0a,Empyrean,"CTF 3 Captures","Ranked Arena",CrossPlay,Open,966,,Win,44.2,3743,4056,181,80,101,0.73,-0.66,11,15,10,0,0,13,13,1735,0,6,650
"2023-11-26 02:04:20",eArL694412,348e060c-36aa-48da-a69c-cf67388d8b2b,Streets,Oddball,"Ranked Arena",CrossPlay,Open,974,,Win,54.92,8824,6594,366,201,165,1.10,11.00,22,20,27,0,0,17,15,3890,0,10,870
"2023-11-26 02:23:54",eArL694412,927a2ec8-ecbb-43fe-ac64-f190cf24c36e,Solitude,"King of the Hill","Ranked Arena",CrossPlay,Open,982,,Left,58.57,3489,3844,140,82,58,0.57,-4.00,8,14,6,0,0,10,13,1375,0,3,510
"2023-11-26 02:32:22",eArL694412,f31ff6ab-e649-4a54-820e-eec9744daf35,Streets,Extraction,"Ranked Arena",CrossPlay,Open,973,,Win,55.56,4189,2927,189,105,84,2.13,11.33,17,8,7,0,0,11,11,2875,0,11,481
"2023-11-27 02:24:00",eArL694412,4ef8b04a-c56b-437a-858b-b2c6da8dfb46,Streets,Oddball,"Ranked Arena",CrossPlay,Open,982,,Loss,49.28,4950,4107,207,102,105,0.69,0.33,9,13,13,0,0,13,14,2070,0,10,578
"2023-11-27 02:35:28",eArL694412,83efddb7-d84a-4a30-8cf5-a12559c5e893,Recharge,Oddball,"Ranked Arena",CrossPlay,Open,974,,Win,48.31,4155,2804,178,86,92,1.63,6.66,13,8,5,0,0,12,12,1635,0,4,506
"2023-11-27 02:45:16",eArL694412,dfb10369-dcd7-47a2-9856-2f04b8fc2406,"Live Fire","King of the Hill","Ranked Arena",CrossPlay,Open,982,,Win,48.39,4527,6511,217,105,112,0.61,-7.00,14,23,6,0,0,19,20,2125,0,3,747
"2023-11-27 02:59:31",eArL694412,400bacea-4e70-4ef6-9d86-61758aa1e8cd,Solitude,Slayer,"Ranked Arena",CrossPlay,Open,989,,Win,45.61,3644,3745,228,104,124,0.58,-2.00,7,12,9,0,0,11,12,1160,0,5,520
"2023-11-27 04:01:22",eArL694412,97e4aa89-4a5e-43d5-9a9d-71da8038cc25,Streets,Extraction,"Ranked Arena",CrossPlay,Open,996,,Loss,52.34,5292,5499,214,112,102,0.88,1.33,14,16,10,0,0,16,17,2425,0,10,706
"2023-11-27 04:15:07",eArL694412,e3782251-c323-48f0-bb1c-1f2c33fd383d,Streets,Oddball,"Ranked Arena",CrossPlay,Open,987,,Left,59.21,1922,1642,76,45,31,1.20,2.33,6,5,4,0,0,5,6,1280,0,1,574
"2023-11-27 04:21:51",eArL694412,05aab6b5-997a-4d3d-87d3-d350c6645c92,Forbidden,"CTF 3 Captures","Ranked Arena",CrossPlay,Open,972,,Win,53.78,5415,3165,238,128,110,2.00,12.66,18,9,11,0,0,14,13,2580,0,7,643
"2023-11-27 04:35:56",eArL694412,13b9c505-88c9-4179-9c2f-fb3d394dd5a1,"Live Fire",Strongholds,"Ranked Arena",CrossPlay,Open,980,,Loss,50.96,5798,5849,261,133,128,0.69,-2.33,11,16,8,0,0,15,16,1950,0,6,667
"2023-11-27 04:48:31",eArL694412,6613de1b-b4b6-45fe-9274-e5d8c8142d32,Aquarius,Slayer,"Ranked Arena",CrossPlay,Open,972,,Win,52.08,3440,2928,144,75,69,0.88,1.33,7,8,7,0,0,10,10,1070,0,3,437
"2023-11-27 04:59:21",eArL694412,fa5df86f-41fc-45a5-afe2-3fcf47cb884c,Solitude,Strongholds,"Ranked Arena",CrossPlay,Open,980,,Loss,52.19,7000,6719,297,155,142,0.86,1.00,19,22,12,0,0,18,20,3175,0,12,844
"2023-11-27 05:17:15",eArL694412,57b757b6-6776-40ba-8f58-a5b244974e20,Aquarius,Slayer,"Ranked Arena",CrossPlay,Open,972,,Win,48.55,6465,5341,311,151,160,1.00,2.33,14,14,7,0,0,17,16,1760,0,5,735
"2023-11-27 05:30:55",eArL694412,f5a2584e-01ac-4bfd-9ce6-1b2894836908,"Live Fire",Extraction,"Ranked Arena",CrossPlay,Open,980,,Loss,57.71,4489,3104,175,101,74,1.18,3.00,13,11,3,0,0,10,10,1525,0,9,449
"2023-11-27 05:42:48",eArL694412,23b1969f-d352-4f1c-917d-c2188cc17c8c,Streets,Extraction,"Ranked Arena",CrossPlay,Open,972,,Win,59.31,4791,3658,204,121,83,1.67,8.33,15,9,7,0,0,11,11,2750,0,6,477
"2023-11-27 05:52:10",eArL694412,d74be370-3543-40f3-81a8-dfa2adbfa8a6,Recharge,Strongholds,"Ranked Arena",CrossPlay,Open,980,,Left,68.42,453,544,19,13,6,0.00,-1.00,0,1,0,0,0,0,3,0,0,0,363
